year,date,dir,brk_time,entry_u,or_range,moneyness,strike,ent_prem,cpr_dist,cpr_dist_pct_or,mfe13,mfe13_min,mae13,close13,mfe15,mfe15_min,mae15,close15,t_tgt30,t_tgt50,t_tgt100,t_stop50,t_stop75,poststop_mfe13,reached_cpr,cpr_reach_min,prem_at_cpr
2025,2025-01-02,call,09:54,515.13,4.89,ATM,515,1.99,0.8,16,35.7,11,-98.5,-97.5,35.7,11,-100.0,-99.5,10,,,26,46,-46.7,1,5,18.1
2025,2025-01-02,call,09:54,515.13,4.89,OTM1,516,1.48,0.8,16,39.9,11,-98.6,-98.6,39.9,11,-100.0,-100.0,10,,,26,36,-52.7,1,5,19.6
2025,2025-01-03,put,10:20,512.93,3.56,ATM,513,1.85,1.76,49,14.1,0,-95.1,-94.6,14.1,0,-100.0,-99.5,,,,13,42,-40.0,0,,
2025,2025-01-03,put,10:20,512.93,3.56,OTM1,512,1.42,1.76,49,14.8,0,-100.0,-95.1,14.8,0,-100.0,-100.0,,,,13,42,-42.3,0,,
2025,2025-01-03,put,10:20,512.93,3.56,OTM2,511,1.12,1.76,49,12.5,0,-100.0,-95.5,12.5,0,-100.0,-100.0,,,,12,41,-48.2,0,,
2025,2025-01-03,put,10:20,512.93,3.56,OTM3,510,0.81,1.76,49,18.5,0,-100.0,-95.1,18.5,0,-100.0,-100.0,,,,12,41,-46.9,0,,
2025,2025-01-06,call,09:48,526.24,2.45,ATM,526,1.67,2.13,87,38.3,57,-74.3,-68.9,38.3,57,-100.0,-99.4,34,,,170,,-52.1,0,,
2025,2025-01-06,call,09:48,526.24,2.45,OTM1,527,1.17,2.13,87,36.8,40,-84.6,-81.2,36.8,40,-100.0,-99.1,34,,,146,172,-40.2,0,,
2025,2025-01-06,call,09:48,526.24,2.45,OTM2,528,0.75,2.13,87,36.0,39,-90.7,-88.0,36.0,39,-100.0,-100.0,34,,,119,159,-36.0,0,,
2025,2025-01-06,call,09:48,526.24,2.45,OTM3,529,0.48,2.13,87,22.9,39,-95.8,-91.7,22.9,39,-100.0,-97.9,,,,21,145,22.9,0,,
2025,2025-01-07,put,10:00,522.2,2.68,ATM,522,1.62,0.24,9,273.5,171,-100.0,196.3,438.3,335,-100.0,332.1,0,4,16,66,66,273.5,1,0,33.3
2025,2025-01-07,put,10:00,522.2,2.68,OTM1,521,1.2,0.24,9,325.0,171,-100.0,214.2,564.2,335,-100.0,392.5,0,1,8,116,116,325.0,1,0,38.3
2025,2025-01-07,put,10:00,522.2,2.68,OTM2,520,0.89,0.24,9,377.5,46,-100.0,214.6,646.1,335,-100.0,455.1,0,1,7,140,140,376.4,1,0,39.3
2025,2025-01-07,put,10:00,522.2,2.68,OTM3,519,0.65,0.24,9,438.5,46,-100.0,223.1,769.2,336,-100.0,484.6,0,1,7,140,140,415.4,1,0,47.7
2025,2025-01-08,call,10:02,515.96,2.27,ATM,516,2.03,0.88,39,6.9,0,-91.6,-81.3,6.9,0,-98.5,-95.1,,,,9,131,-11.8,1,265,-27.1
2025,2025-01-08,call,10:02,515.96,2.27,OTM1,517,1.53,0.88,39,7.8,0,-93.5,-86.3,7.8,0,-99.3,-98.7,,,,9,125,-19.0,1,265,-42.5
2025,2025-01-08,call,10:02,515.96,2.27,OTM2,518,1.14,0.88,39,5.3,0,-94.7,-89.5,5.3,0,-100.0,-99.1,,,,7,63,-30.7,1,265,-60.5
2025,2025-01-08,call,10:02,515.96,2.27,OTM3,519,0.78,0.88,39,10.3,0,-100.0,-92.3,10.3,0,-100.0,-98.7,,,,7,12,-39.7,1,265,-73.1
2025,2025-01-10,put,09:46,508.4,3.03,ATM,508,2.21,0.29,9,110.4,24,-100.0,-24.0,110.4,24,-100.0,-68.8,13,14,21,62,140,85.5,1,0,13.1
2025,2025-01-10,put,09:46,508.4,3.03,OTM1,507,1.8,0.29,9,125.0,24,-100.0,-35.6,125.0,24,-100.0,-90.6,1,14,21,60,149,83.3,1,0,13.3
2025,2025-01-10,put,09:46,508.4,3.03,OTM2,506,1.45,0.29,9,127.6,24,-61.4,-48.3,127.6,24,-98.6,-97.9,1,14,19,52,,80.0,1,0,13.8
2025,2025-01-10,put,09:46,508.4,3.03,OTM3,505,1.15,0.29,9,139.1,24,-69.6,-58.3,139.1,24,-99.1,-98.3,1,14,19,51,,72.2,1,0,13.9
2025,2025-01-13,call,09:53,501.9,1.97,ATM,502,2.06,1.86,94,37.9,55,-68.4,18.4,82.0,361,-100.0,81.6,12,,,35,,37.9,1,53,32.5
2025,2025-01-13,call,09:53,501.9,1.97,OTM1,503,1.59,1.86,94,37.1,13,-74.8,9.4,76.1,361,-100.0,68.6,2,,,32,,36.5,1,53,30.8
2025,2025-01-13,call,09:53,501.9,1.97,OTM2,504,1.18,1.86,94,40.7,13,-80.5,-3.4,49.2,361,-80.5,40.7,2,,,31,123,36.4,1,53,28.8
2025,2025-01-13,call,09:53,501.9,1.97,OTM3,505,0.87,1.86,94,41.4,13,-83.9,-21.8,41.4,13,-88.5,-14.9,2,,,30,121,28.7,1,53,21.8
2025,2025-01-14,put,09:53,507.31,2.64,ATM,507,2.0,2.47,94,152.0,161,-100.0,-100.0,164.0,317,-100.0,19.0,66,68,109,17,119,152.0,1,68,60.0
2025,2025-01-14,put,09:53,507.31,2.64,OTM1,506,1.57,2.47,94,161.8,161,-100.0,75.2,176.4,317,-100.0,-12.1,66,68,109,17,131,161.8,1,68,61.8
2025,2025-01-14,put,09:53,507.31,2.64,OTM2,505,1.22,2.47,94,173.0,161,-100.0,49.2,174.6,317,-100.0,-51.6,5,68,109,17,165,173.0,1,68,59.8
2025,2025-01-14,put,09:53,507.31,2.64,OTM3,504,0.93,2.47,94,174.2,161,-72.0,31.2,177.4,313,-93.5,-82.8,5,68,109,14,,174.2,1,68,57.0
2025,2025-01-15,call,09:47,514.75,2.85,ATM,515,1.75,3.81,134,52.6,31,-74.9,-46.3,62.9,338,-74.9,-5.1,15,30,,103,,-20.6,0,,
2025,2025-01-15,call,09:47,514.75,2.85,OTM1,516,1.27,3.81,134,57.5,30,-81.9,-60.6,57.5,30,-81.9,-44.9,15,29,,103,123,-35.4,0,,
2025,2025-01-15,call,09:47,514.75,2.85,OTM2,517,0.87,3.81,134,63.2,30,-87.4,-75.9,63.2,30,-87.4,-86.2,13,29,,82,104,-20.7,0,,
2025,2025-01-15,call,09:47,514.75,2.85,OTM3,518,0.56,3.81,134,67.9,30,-91.1,-85.7,67.9,30,-98.2,-98.2,13,21,,70,103,-26.8,0,,
2025,2025-01-16,put,09:46,516.64,2.22,ATM,517,2.14,0.67,30,34.1,14,-63.1,-37.9,72.9,368,-100.0,56.1,13,,,75,,29.0,1,13,30.8
2025,2025-01-16,put,09:46,516.64,2.22,OTM1,516,1.67,0.67,30,37.7,14,-68.3,-46.1,67.7,241,-83.2,35.3,13,,,74,,24.6,1,13,32.3
2025,2025-01-16,put,09:46,516.64,2.22,OTM2,515,1.32,0.67,30,36.4,14,-72.7,-59.8,53.0,241,-92.4,-0.8,13,,,72,,15.2,1,13,31.8
2025,2025-01-16,put,09:46,516.64,2.22,OTM3,514,0.99,0.67,30,39.4,14,-76.8,-65.7,40.4,241,-96.0,-47.5,13,,,72,81,8.1,1,13,34.3
2025,2025-01-17,put,10:27,519.07,3.81,ATM,519,1.52,2.0,53,0.7,0,-86.8,-84.9,0.7,0,-100.0,-98.7,,,,11,55,-39.5,0,,
2025,2025-01-17,put,10:27,519.07,3.81,OTM1,518,1.13,2.0,53,0.0,0,-88.5,-87.6,0.0,0,-100.0,-99.1,,,,7,52,-38.9,0,,
2025,2025-01-17,put,10:27,519.07,3.81,OTM2,517,0.81,2.0,53,0.0,0,-100.0,-88.9,0.0,0,-100.0,-98.8,,,,7,40,-40.7,0,,
2025,2025-01-17,put,10:27,519.07,3.81,OTM3,516,0.59,2.0,53,0.0,0,-100.0,-88.1,0.0,0,-100.0,-100.0,,,,5,39,-44.1,0,,
2025,2025-01-21,put,09:54,521.46,3.07,ATM,521,1.6,0.1,3,39.4,20,-94.4,-93.8,39.4,20,-100.0,-99.4,18,,,39,116,-27.5,1,16,9.4
2025,2025-01-21,put,09:54,521.46,3.07,OTM1,520,1.22,0.1,3,41.8,20,-95.1,-94.3,41.8,20,-100.0,-99.2,18,,,34,96,-32.8,1,16,9.0
2025,2025-01-21,put,09:54,521.46,3.07,OTM2,519,0.93,0.1,3,40.9,20,-100.0,-96.8,40.9,20,-100.0,-98.9,18,,,33,73,-38.7,1,16,7.5
2025,2025-01-21,put,09:54,521.46,3.07,OTM3,518,0.7,0.1,3,38.6,20,-100.0,-100.0,38.6,20,-100.0,-100.0,18,,,31,71,-45.7,1,16,5.7
2025,2025-01-22,call,09:49,531.24,1.93,ATM,531,1.49,2.35,122,102.7,140,-100.0,44.3,102.7,140,-100.0,-42.3,6,97,136,162,162,72.5,1,132,91.3
2025,2025-01-22,call,09:49,531.24,1.93,OTM1,532,0.97,2.35,122,122.7,140,-100.0,44.3,122.7,140,-100.0,-82.5,5,7,131,156,156,82.5,1,132,107.2
2025,2025-01-22,call,09:49,531.24,1.93,OTM2,533,0.59,2.35,122,140.7,140,-28.8,27.1,140.7,140,-98.3,-94.9,4,7,131,,,,1,132,115.3
2025,2025-01-22,call,09:49,531.24,1.93,OTM3,534,0.32,2.35,122,143.8,140,-40.6,-6.3,143.8,140,-96.9,-96.9,4,6,131,,,,1,132,112.5
2025,2025-01-23,call,10:34,529.79,1.24,ATM,530,0.99,1.76,142,51.5,70,-54.5,-26.3,127.3,320,-54.5,127.3,27,70,,123,,-19.2,1,316,52.5
2025,2025-01-23,call,10:34,529.79,1.24,OTM1,531,0.57,1.76,142,54.4,70,-68.4,-49.1,128.1,320,-73.7,115.8,13,70,,116,,-42.1,1,316,14.0
2025,2025-01-23,call,10:34,529.79,1.24,OTM2,532,0.3,1.76,142,53.3,28,-76.7,-66.7,53.3,28,-90.0,40.0,12,27,,108,122,-50.0,1,316,-56.7
2025,2025-01-23,call,10:34,529.79,1.24,OTM3,533,0.16,1.76,142,56.2,28,-81.2,-75.0,56.2,28,-100.0,-68.8,13,28,,89,116,-43.8,1,316,-87.5
2025,2025-01-24,call,09:46,533.22,1.25,ATM,533,1.42,1.03,83,23.2,6,-95.1,-93.7,23.2,6,-100.0,-99.3,,,,29,75,-39.4,0,,
2025,2025-01-24,call,09:46,533.22,1.25,OTM1,534,0.94,1.03,83,25.5,6,-96.8,-95.7,25.5,6,-100.0,-98.9,,,,28,63,-46.8,0,,
2025,2025-01-24,call,09:46,533.22,1.25,OTM2,535,0.59,1.03,83,27.1,6,-98.3,-98.3,27.1,6,-100.0,-100.0,,,,17,52,-35.6,0,,
2025,2025-01-24,call,09:46,533.22,1.25,OTM3,536,0.33,1.03,83,36.4,6,-100.0,-97.0,36.4,6,-100.0,-100.0,6,,,17,40,-39.4,0,,
2025,2025-01-27,call,09:47,515.38,4.7,ATM,515,2.43,6.27,133,45.3,54,-90.1,-90.1,45.3,54,-99.2,-98.8,46,,,31,113,45.3,0,,
2025,2025-01-27,call,09:47,515.38,4.7,OTM1,516,1.94,6.27,133,43.8,54,-92.8,-92.3,43.8,54,-100.0,-99.0,46,,,29,99,43.8,0,,
2025,2025-01-27,call,09:47,515.38,4.7,OTM2,517,1.49,6.27,133,40.9,54,-94.0,-93.3,40.9,54,-100.0,-100.0,46,,,29,96,40.9,0,,
2025,2025-01-27,call,09:47,515.38,4.7,OTM3,518,1.1,6.27,133,40.0,54,-94.5,-93.6,40.0,54,-100.0,-100.0,47,,,28,94,40.0,0,,
2025,2025-01-28,put,09:47,511.93,3.57,ATM,512,2.33,1.81,51,1.7,0,-100.0,-98.7,1.7,0,-100.0,-100.0,,,,7,15,-47.6,0,,
2025,2025-01-28,put,09:47,511.93,3.57,OTM1,511,1.89,1.81,51,2.1,0,-100.0,-100.0,2.1,0,-100.0,-100.0,,,,7,14,-49.7,0,,
2025,2025-01-28,put,09:47,511.93,3.57,OTM2,510,1.52,1.81,51,1.3,0,-100.0,-98.0,1.3,0,-100.0,-100.0,,,,6,13,-48.7,0,,
2025,2025-01-28,put,09:47,511.93,3.57,OTM3,509,1.2,1.81,51,1.7,0,-100.0,-98.3,1.7,0,-100.0,-100.0,,,,4,13,-38.3,0,,
2025,2025-01-29,put,10:26,520.02,2.53,ATM,520,2.56,1.18,47,18.0,17,-29.7,0.0,79.7,157,-80.5,-64.8,,,,,,,1,154,35.9
2025,2025-01-29,put,10:26,520.02,2.53,OTM1,519,2.12,1.18,47,18.4,17,-30.2,-2.4,87.3,157,-85.8,-73.6,,,,,,,1,154,37.7
2025,2025-01-29,put,10:26,520.02,2.53,OTM2,518,1.75,1.18,47,17.7,17,-33.7,-4.0,94.9,157,-90.3,-81.1,,,,,,,1,154,37.7
2025,2025-01-29,put,10:26,520.02,2.53,OTM3,517,1.44,1.18,47,15.3,17,-100.0,-6.2,101.4,157,-100.0,-86.8,,,,68,68,9.7,1,154,37.5
2025,2025-01-30,call,09:46,524.29,1.69,ATM,524,2.07,1.11,66,53.1,4,-87.4,-82.6,53.1,4,-96.1,-79.7,2,3,,32,68,-39.6,1,2,45.9
2025,2025-01-30,call,09:46,524.29,1.69,OTM1,525,1.57,1.11,66,60.5,4,-90.4,-87.3,60.5,4,-98.1,-88.5,1,2,,31,65,-43.3,1,2,51.6
2025,2025-01-30,call,09:46,524.29,1.69,OTM2,526,1.11,1.11,66,73.0,4,-100.0,-89.2,73.0,4,-100.0,-94.6,1,2,,19,65,-27.0,1,2,61.3
2025,2025-01-30,call,09:46,524.29,1.69,OTM3,527,0.77,1.11,66,84.4,4,-100.0,-92.2,84.4,4,-100.0,-96.1,1,2,,17,43,-28.6,1,2,70.1
2025,2025-01-31,call,09:52,528.49,1.72,ATM,528,1.88,2.02,118,101.6,70,-100.0,30.9,101.6,70,-100.0,-99.5,7,9,70,62,62,101.6,1,40,62.2
2025,2025-01-31,call,09:52,528.49,1.72,OTM1,529,1.31,2.02,118,125.2,70,-9.2,32.8,125.2,70,-100.0,-99.2,7,9,63,,,,1,40,73.3
2025,2025-01-31,call,09:52,528.49,1.72,OTM2,530,0.88,2.02,118,146.6,70,-17.0,25.0,146.6,70,-100.0,-98.9,7,8,43,,,,1,40,80.7
2025,2025-01-31,call,09:52,528.49,1.72,OTM3,531,0.54,2.02,118,172.2,70,-22.2,11.1,172.2,70,-100.0,-98.1,7,7,19,,,,1,40,90.7
2025,2025-02-03,put,10:02,512.13,3.28,ATM,512,2.2,3.88,118,20.5,16,-94.5,-87.3,20.5,16,-100.0,-99.5,,,,20,28,-39.5,0,,
2025,2025-02-03,put,10:02,512.13,3.28,OTM1,511,1.76,3.88,118,21.6,16,-94.9,-88.6,21.6,16,-100.0,-99.4,,,,20,22,-42.0,0,,
2025,2025-02-03,put,10:02,512.13,3.28,OTM2,510,1.37,3.88,118,21.9,16,-95.6,-88.3,21.9,16,-100.0,-100.0,,,,20,22,-44.5,0,,
2025,2025-02-03,put,10:02,512.13,3.28,OTM3,509,1.09,3.88,118,20.2,16,-100.0,-89.9,20.2,16,-100.0,-100.0,,,,20,22,-47.7,0,,
2025,2025-02-04,call,09:50,521.03,2.8,ATM,521,2.27,1.07,38,96.9,49,-100.0,21.1,96.9,49,-100.0,65.6,9,14,,53,53,94.7,1,6,22.9
2025,2025-02-04,call,09:50,521.03,2.8,OTM1,522,1.79,1.07,38,105.0,49,-100.0,15.1,105.0,49,-100.0,64.8,8,9,48,61,61,103.9,1,6,24.0
2025,2025-02-04,call,09:50,521.03,2.8,OTM2,523,1.36,1.07,38,118.4,50,-36.8,6.6,118.4,50,-36.8,50.7,7,9,20,,,,1,6,26.5
2025,2025-02-04,call,09:50,521.03,2.8,OTM3,524,1.02,1.07,38,128.4,50,-48.0,-6.9,128.4,50,-48.0,46.1,7,9,19,,,,1,6,27.5
2025,2025-02-05,call,10:00,522.71,1.63,ATM,523,1.53,0.96,59,134.0,127,-100.0,83.0,134.0,127,-100.0,114.4,105,108,117,3,163,134.0,1,68,4.6
2025,2025-02-05,call,10:00,522.71,1.63,OTM1,524,1.06,0.96,59,157.5,127,-100.0,-100.0,157.5,127,-100.0,121.7,106,109,117,3,179,157.5,1,68,-1.9
2025,2025-02-05,call,10:00,522.71,1.63,OTM2,525,0.7,0.96,59,174.3,128,-64.3,70.0,174.3,128,-64.3,74.3,108,109,112,3,,174.3,1,68,-14.3
2025,2025-02-05,call,10:00,522.71,1.63,OTM3,526,0.44,0.96,59,179.5,127,-72.7,47.7,179.5,127,-72.7,22.7,109,110,117,2,,179.5,1,68,-27.3
2025,2025-02-06,call,09:45,528.05,1.19,ATM,528,1.8,1.14,96,20.6,33,-55.6,-23.3,20.6,33,-81.7,5.0,,,,62,,-16.7,1,368,-3.9
2025,2025-02-06,call,09:45,528.05,1.19,OTM1,529,1.31,1.14,96,21.4,33,-63.4,-32.8,21.4,33,-89.3,-13.7,,,,61,,-25.2,1,368,-19.8
2025,2025-02-06,call,09:45,528.05,1.19,OTM2,530,0.9,1.14,96,21.1,33,-68.9,-44.4,21.1,33,-94.4,-33.3,,,,53,,-16.7,1,368,-42.2
2025,2025-02-06,call,09:45,528.05,1.19,OTM3,531,0.59,1.14,96,20.3,33,-76.3,-57.6,20.3,33,-100.0,-55.9,,,,53,134,-22.0,1,368,-66.1
2025,2025-02-07,put,10:00,529.02,2.31,ATM,529,1.6,0.36,16,275.0,124,-100.0,181.2,319.4,316,-100.0,276.9,1,1,3,71,71,275.0,1,0,28.7
2025,2025-02-07,put,10:00,529.02,2.31,OTM1,528,1.21,0.36,16,329.8,124,-100.0,-100.0,379.3,316,-100.0,314.9,0,1,3,98,98,329.8,1,0,30.6
2025,2025-02-07,put,10:00,529.02,2.31,OTM2,527,0.9,0.36,16,377.8,124,-100.0,-100.0,438.9,261,-100.0,351.1,0,1,3,155,155,237.8,1,0,34.4
2025,2025-02-07,put,10:00,529.02,2.31,OTM3,526,0.64,0.36,16,446.9,124,0.0,223.4,490.6,316,-100.0,379.7,0,1,2,,,,1,0,37.5
2025,2025-02-10,call,09:46,528.21,1.4,ATM,528,1.69,1.29,92,65.7,61,-100.0,12.4,65.7,61,-100.0,-10.7,35,48,,109,109,33.1,1,35,37.3
2025,2025-02-10,call,09:46,528.21,1.4,OTM1,529,1.15,1.29,92,75.7,61,-39.1,0.9,75.7,61,-71.3,-47.8,21,46,,,,,1,35,41.7
2025,2025-02-10,call,09:46,528.21,1.4,OTM2,530,0.72,1.29,92,81.9,61,-52.8,-20.8,81.9,61,-91.7,-84.7,21,41,,145,,-12.5,1,35,43.1
2025,2025-02-10,call,09:46,528.21,1.4,OTM3,531,0.41,1.29,92,87.8,61,-65.9,-46.3,87.8,61,-97.6,-97.6,35,44,,143,,-39.0,1,35,39.0
2025,2025-02-11,call,10:01,528.53,2.32,ATM,529,1.23,0.03,1,32.5,51,-88.6,-86.2,32.5,51,-98.4,-98.4,50,,,110,121,-49.6,1,0,4.1
2025,2025-02-11,call,10:01,528.53,2.32,OTM1,530,0.77,0.03,1,29.9,51,-92.2,-90.9,29.9,51,-98.7,-98.7,,,,87,113,-31.2,1,0,5.2
2025,2025-02-11,call,10:01,528.53,2.32,OTM2,531,0.45,0.03,1,17.8,51,-100.0,-93.3,17.8,51,-100.0,-97.8,,,,74,109,-40.0,1,0,4.4
2025,2025-02-11,call,10:01,528.53,2.32,OTM3,532,0.24,0.03,1,8.3,0,-100.0,-91.7,8.3,0,-100.0,-100.0,,,,19,89,0.0,1,0,8.3
2025,2025-02-12,call,09:46,525.25,3.14,ATM,525,1.93,0.54,17,107.3,193,-100.0,107.3,114.5,302,-100.0,-100.0,37,51,193,20,142,107.3,1,5,15.0
2025,2025-02-12,call,09:46,525.25,3.14,OTM1,526,1.41,0.54,17,116.3,192,-100.0,114.9,127.0,302,-100.0,69.5,37,51,191,16,167,116.3,1,5,15.6
2025,2025-02-12,call,09:46,525.25,3.14,OTM2,527,0.97,0.54,17,121.6,191,-71.1,120.6,133.0,302,-100.0,47.4,37,51,189,16,,121.6,1,5,16.5
2025,2025-02-12,call,09:46,525.25,3.14,OTM3,528,0.61,0.54,17,127.9,193,-73.8,123.0,145.9,302,-73.8,1.6,37,51,189,15,,127.9,1,5,21.3
2025,2025-02-13,call,10:02,532.0,2.79,ATM,532,1.47,1.79,64,106.8,41,-49.0,-22.4,172.1,352,-100.0,157.1,19,35,40,,,,1,36,76.9
2025,2025-02-13,call,10:02,532.0,2.79,OTM1,533,0.98,1.79,64,129.6,41,-59.2,-32.7,186.7,352,-75.5,182.7,19,35,37,4,,129.6,1,36,88.8
2025,2025-02-13,call,10:02,532.0,2.79,OTM2,534,0.58,1.79,64,170.7,41,-55.2,-46.6,205.2,352,-81.0,205.2,17,35,36,4,,170.7,1,36,108.6
2025,2025-02-13,call,10:02,532.0,2.79,OTM3,535,0.32,1.79,64,209.4,41,-59.4,-56.2,209.4,41,-84.4,153.1,19,35,36,4,,209.4,1,36,118.7
2025,2025-02-14,call,10:07,536.9,1.17,ATM,537,1.18,1.17,100,20.3,50,-69.5,-22.0,48.3,346,-69.5,18.6,,,,102,,-13.6,1,213,18.6
2025,2025-02-14,call,10:07,536.9,1.17,OTM1,538,0.73,1.17,100,19.2,2,-80.8,-41.1,19.2,2,-80.8,-37.0,,,,72,141,-24.7,1,213,2.7
2025,2025-02-14,call,10:07,536.9,1.17,OTM2,539,0.41,1.17,100,17.1,2,-85.4,-58.5,17.1,2,-92.7,-87.8,,,,30,120,7.3,1,213,-22.0
2025,2025-02-14,call,10:07,536.9,1.17,OTM3,540,0.21,1.17,100,19.0,2,-95.2,-66.7,33.3,340,-95.2,-95.2,,,,30,99,0.0,1,213,-42.9
2025,2025-02-18,put,09:45,538.41,1.26,ATM,538,1.18,0.68,54,74.6,45,-53.4,-50.8,74.6,45,-95.8,-94.1,1,15,,124,,-2.5,1,4,42.4
2025,2025-02-18,put,09:45,538.41,1.26,OTM1,537,0.85,0.68,54,70.6,45,-68.2,-65.9,70.6,45,-98.8,-97.6,1,15,,101,,-22.4,1,4,43.5
2025,2025-02-18,put,09:45,538.41,1.26,OTM2,536,0.58,0.68,54,70.7,45,-75.9,-72.4,70.7,45,-98.3,-98.3,1,4,,84,185,-27.6,1,4,51.7
2025,2025-02-18,put,09:45,538.41,1.26,OTM3,535,0.4,0.68,54,65.0,15,-80.0,-80.0,65.0,15,-97.5,-97.5,1,4,,76,122,-37.5,1,4,55.0
2025,2025-02-19,put,09:49,537.59,1.15,ATM,538,1.48,0.68,59,41.9,19,-84.5,-81.1,41.9,19,-98.6,-98.6,18,,,57,134,-2.7,1,14,22.3
2025,2025-02-19,put,09:49,537.59,1.15,OTM1,537,1.03,0.68,59,44.7,19,-87.4,-85.4,44.7,19,-100.0,-99.0,18,,,56,112,-10.7,1,14,23.3
2025,2025-02-19,put,09:49,537.59,1.15,OTM2,536,0.71,0.68,59,42.3,19,-90.1,-87.3,42.3,19,-100.0,-98.6,18,,,41,111,-16.9,1,14,19.7
2025,2025-02-19,put,09:49,537.59,1.15,OTM3,535,0.48,0.68,59,39.6,19,-100.0,-87.5,39.6,19,-100.0,-97.9,18,,,41,81,-25.0,1,14,14.6
2025,2025-02-20,put,09:46,537.52,1.4,ATM,538,1.54,0.79,56,268.8,14,-100.0,136.4,268.8,14,-100.0,-25.3,3,4,6,40,40,224.7,1,4,50.0
2025,2025-02-20,put,09:46,537.52,1.4,OTM1,537,1.1,0.79,56,336.4,14,-100.0,127.3,336.4,14,-100.0,-63.6,3,4,6,96,96,181.8,1,4,55.5
2025,2025-02-20,put,09:46,537.52,1.4,OTM2,536,0.77,0.79,56,422.1,14,-100.0,124.7,422.1,14,-100.0,-88.3,3,4,6,115,115,185.7,1,4,59.7
2025,2025-02-20,put,09:46,537.52,1.4,OTM3,535,0.53,0.79,56,530.2,14,-5.7,96.2,530.2,14,-96.2,-96.2,2,4,5,,,,1,4,64.2
2025,2025-02-21,put,09:56,536.18,2.13,ATM,536,1.51,0.02,1,297.4,180,-100.0,288.7,584.8,348,-100.0,531.1,3,27,36,103,103,297.4,1,0,6.0
2025,2025-02-21,put,09:56,536.18,2.13,OTM1,535,1.12,0.02,1,351.8,180,-100.0,335.7,749.1,348,-100.0,659.8,3,27,36,130,130,351.8,1,0,6.2
2025,2025-02-21,put,09:56,536.18,2.13,OTM2,534,0.82,0.02,1,413.4,180,-32.9,382.9,1001.2,353,-100.0,802.4,3,27,36,,,,1,0,6.1
2025,2025-02-21,put,09:56,536.18,2.13,OTM3,533,0.58,0.02,1,460.3,180,-34.5,432.8,1158.6,349,-100.0,1020.7,3,27,36,,,,1,0,6.9
2025,2025-02-24,put,09:50,525.97,2.84,ATM,526,1.77,4.06,143,239.0,16,-100.0,8.5,239.0,16,-100.0,232.8,1,2,10,47,47,220.9,1,12,175.7
2025,2025-02-24,put,09:50,525.97,2.84,OTM1,525,1.34,4.06,143,287.3,16,-100.0,-4.5,287.3,16,-100.0,273.1,1,2,7,84,84,115.7,1,12,206.0
2025,2025-02-24,put,09:50,525.97,2.84,OTM2,524,1.0,4.06,143,341.0,16,-61.0,-20.0,341.0,16,-76.0,253.0,1,2,6,149,,-11.0,1,12,240.0
2025,2025-02-24,put,09:50,525.97,2.84,OTM3,523,0.74,4.06,143,385.1,16,-70.3,-33.8,385.1,16,-81.1,260.8,1,2,5,148,,-28.4,1,12,278.4
2025,2025-02-25,put,09:47,516.66,2.09,ATM,517,2.38,0.08,4,215.5,105,-100.0,-12.2,215.5,105,-100.0,81.5,4,13,29,61,61,215.5,1,0,2.5
2025,2025-02-25,put,09:47,516.66,2.09,OTM1,516,1.99,0.08,4,236.7,105,-100.0,-26.6,236.7,105,-100.0,60.8,4,13,29,84,84,236.7,1,0,0.5
2025,2025-02-25,put,09:47,516.66,2.09,OTM2,515,1.59,0.08,4,253.5,105,-100.0,-37.1,253.5,105,-100.0,41.5,4,5,26,44,44,253.5,1,0,3.1
2025,2025-02-25,put,09:47,516.66,2.09,OTM3,514,1.27,0.08,4,278.0,105,-100.0,-49.6,278.0,105,-100.0,-3.1,4,5,26,91,91,278.0,1,0,2.4
2025,2025-02-26,call,09:49,516.5,2.01,ATM,516,2.89,2.26,113,48.8,124,-100.0,-37.7,48.8,124,-100.0,-62.6,29,,,89,89,48.8,1,32,34.3
2025,2025-02-26,call,09:49,516.5,2.01,OTM1,517,2.36,2.26,113,49.6,124,-47.9,-42.8,49.6,124,-89.8,-69.1,29,,,,,,1,32,35.6
2025,2025-02-26,call,09:49,516.5,2.01,OTM2,518,1.88,2.26,113,51.1,124,-100.0,-48.4,51.1,124,-100.0,-76.6,29,84,,150,150,37.2,1,32,37.2
2025,2025-02-26,call,09:49,516.5,2.01,OTM3,519,1.46,2.26,113,52.1,124,-58.9,-53.4,52.1,124,-94.5,-82.2,29,84,,187,,-50.0,1,32,39.0
2025,2025-02-27,put,09:50,513.77,5.07,ATM,514,2.6,2.71,53,172.3,10,-100.0,22.3,371.2,363,-100.0,-100.0,3,4,7,73,73,120.0,1,4,65.0
2025,2025-02-27,put,09:50,513.77,5.07,OTM1,513,2.19,2.71,53,191.8,10,-100.0,11.0,448.9,364,-100.0,448.9,3,4,7,153,153,68.0,1,4,67.6
2025,2025-02-27,put,09:50,513.77,5.07,OTM2,512,1.81,2.71,53,214.4,10,-100.0,-1.1,535.4,364,-100.0,507.7,3,3,7,177,177,52.5,1,4,73.5
2025,2025-02-27,put,09:50,513.77,5.07,OTM3,511,1.49,2.71,53,228.9,10,-46.3,-14.1,570.5,364,-100.0,570.5,3,3,6,,,,1,4,77.2
2025,2025-02-28,call,10:10,501.83,4.45,ATM,502,2.27,1.23,28,65.2,20,-72.2,-63.4,154.2,344,-85.0,154.2,14,18,,155,,-47.1,1,13,26.9
2025,2025-02-28,call,10:10,501.83,4.45,OTM1,503,1.78,1.23,28,70.8,20,-77.5,-70.2,180.9,344,-88.2,161.2,14,18,,152,168,-46.6,1,13,28.7
2025,2025-02-28,call,10:10,501.83,4.45,OTM2,504,1.33,1.23,28,82.7,20,-80.5,-74.4,187.2,344,-90.2,163.9,13,17,,151,159,-48.9,1,13,33.1
2025,2025-02-28,call,10:10,501.83,4.45,OTM3,505,0.99,1.23,28,89.9,20,-83.8,-78.8,188.9,344,-92.9,174.7,13,17,,79,158,23.2,1,13,33.3
2025,2025-03-03,put,09:49,508.67,4.3,ATM,509,2.6,2.24,52,106.5,10,-48.5,26.9,485.0,354,-100.0,412.3,5,6,10,,,,1,7,61.5
2025,2025-03-03,put,09:49,508.67,4.3,OTM1,508,2.17,2.24,52,117.5,10,-55.8,22.6,561.8,354,-100.0,467.7,5,6,10,94,,34.6,1,7,66.8
2025,2025-03-03,put,09:49,508.67,4.3,OTM2,507,1.8,2.24,52,122.2,10,-61.7,15.0,612.8,355,-100.0,511.1,5,6,10,92,,29.4,1,7,69.4
2025,2025-03-03,put,09:49,508.67,4.3,OTM3,506,1.48,2.24,52,135.1,10,-66.2,4.1,733.8,354,-100.0,-100.0,5,6,10,54,,24.3,1,7,73.6
2025,2025-03-04,put,09:59,491.54,4.09,ATM,492,3.5,1.61,39,57.7,22,-82.3,-70.6,57.7,22,-100.0,-98.6,18,19,,109,146,-37.1,1,10,21.4
2025,2025-03-04,put,09:59,491.54,4.09,OTM1,491,3.03,1.61,39,59.1,22,-84.2,-73.3,59.1,22,-100.0,-99.3,17,19,,109,141,-42.9,1,10,20.8
2025,2025-03-04,put,09:59,491.54,4.09,OTM2,490,2.62,1.61,39,62.2,22,-85.9,-76.3,62.2,22,-100.0,-99.2,18,19,,106,141,-40.8,1,10,20.2
2025,2025-03-04,put,09:59,491.54,4.09,OTM3,489,2.25,1.61,39,62.2,22,-87.1,-78.7,62.2,22,-100.0,-99.6,18,19,,103,140,-46.7,1,10,19.1
2025,2025-03-05,put,09:56,493.12,3.52,ATM,493,3.35,4.99,142,8.4,0,-88.1,-87.2,8.4,0,-100.0,-99.7,,,,3,148,3.0,0,,
2025,2025-03-05,put,09:56,493.12,3.52,OTM1,492,2.9,4.99,142,9.3,0,-89.7,-89.0,9.3,0,-100.0,-99.7,,,,3,145,0.0,0,,
2025,2025-03-05,put,09:56,493.12,3.52,OTM2,491,2.5,4.99,142,9.6,0,-90.8,-90.4,9.6,0,-100.0,-99.6,,,,3,144,-4.0,0,,
2025,2025-03-06,call,09:50,494.0,2.2,ATM,494,3.14,0.33,15,79.9,49,-77.4,-68.5,79.9,49,-97.1,-96.5,16,27,,132,176,-50.3,1,0,8.6
2025,2025-03-06,call,09:50,494.0,2.2,OTM1,495,2.65,0.33,15,84.2,49,-100.0,-70.2,84.2,49,-100.0,-98.1,16,27,,75,75,73.6,1,0,9.4
2025,2025-03-06,call,09:50,494.0,2.2,OTM2,496,2.25,0.33,15,85.8,49,-80.4,-72.0,85.8,49,-98.7,-98.7,16,27,,128,175,-44.9,1,0,9.8
2025,2025-03-06,call,09:50,494.0,2.2,OTM3,497,1.83,0.33,15,92.9,49,-81.4,-72.1,92.9,49,-99.5,-99.5,16,27,,124,157,-44.3,1,0,11.5
2025,2025-03-07,call,09:48,491.05,3.99,ATM,491,3.27,1.34,34,15.6,6,-89.3,-82.3,15.6,6,-91.1,-46.5,,,,28,43,-34.6,1,273,-23.5
2025,2025-03-07,call,09:48,491.05,3.99,OTM1,492,2.72,1.34,34,18.7,6,-89.0,-82.7,18.7,6,-94.1,-63.2,,,,28,43,-36.8,1,273,-30.1
2025,2025-03-07,call,09:48,491.05,3.99,OTM2,493,2.27,1.34,34,18.9,6,-89.4,-83.7,18.9,6,-96.0,-79.7,,,,28,43,-39.2,1,273,-38.3
2025,2025-03-07,call,09:48,491.05,3.99,OTM3,494,1.88,1.34,34,19.7,6,-89.4,-85.1,19.7,6,-100.0,-88.8,,,,26,42,-43.1,1,273,-46.8
2025,2025-03-10,put,09:53,481.0,2.77,ATM,481,3.09,5.24,189,129.8,63,-100.0,104.5,310.7,314,-100.0,-100.0,10,27,59,81,81,116.2,1,59,100.6
2025,2025-03-10,put,09:53,481.0,2.77,OTM1,480,2.64,5.24,189,136.7,63,-100.0,108.0,326.1,317,-100.0,156.4,9,27,58,170,170,112.5,1,59,105.3
2025,2025-03-10,put,09:53,481.0,2.77,OTM2,479,2.22,5.24,189,147.7,63,-100.0,104.5,387.8,316,-100.0,-100.0,9,27,58,174,174,112.2,1,59,109.5
2025,2025-03-10,put,09:53,481.0,2.77,OTM3,478,1.85,5.24,189,155.1,63,-100.0,-100.0,404.3,314,-100.0,-100.0,8,27,58,185,185,-100.0,1,59,114.6
2025,2025-03-11,call,09:48,476.02,4.03,ATM,476,3.26,0.29,7,13.5,12,-87.7,-86.5,13.5,12,-99.1,-99.1,,,,15,48,-15.3,1,0,9.2
2025,2025-03-11,call,09:48,476.02,4.03,OTM1,477,2.76,0.29,7,13.8,12,-89.5,-87.7,13.8,12,-99.6,-99.3,,,,15,48,-16.3,1,0,10.1
2025,2025-03-11,call,09:48,476.02,4.03,OTM2,478,2.38,0.29,7,10.5,12,-91.2,-89.9,10.5,12,-99.6,-99.2,,,,11,39,10.5,1,0,7.1
2025,2025-03-11,call,09:48,476.02,4.03,OTM3,479,1.95,0.29,7,11.8,12,-92.3,-90.8,11.8,12,-100.0,-99.5,,,,11,38,11.8,1,0,9.2
2025,2025-03-12,put,09:48,478.02,2.61,ATM,478,3.2,5.11,196,110.0,79,-61.3,-31.2,110.0,79,-78.8,-72.5,45,69,79,153,,-19.1,1,73,83.7
2025,2025-03-12,put,09:48,478.02,2.61,OTM1,477,2.76,5.11,196,115.6,79,-65.9,-37.3,115.6,79,-90.2,-86.2,45,69,78,142,,-25.7,1,73,85.5
2025,2025-03-12,put,09:48,478.02,2.61,OTM2,476,2.33,5.11,196,120.2,79,-68.7,-42.1,120.2,79,-95.7,-94.4,45,52,78,141,,-30.5,1,73,88.0
2025,2025-03-12,put,09:48,478.02,2.61,OTM3,475,1.99,5.11,196,121.1,79,-72.4,-48.2,121.1,79,-98.5,-98.0,48,70,77,140,,-36.7,1,73,86.9
2025,2025-03-13,put,09:50,473.5,2.57,ATM,474,3.1,1.53,59,95.8,177,-100.0,77.7,146.8,207,-100.0,97.7,5,6,,135,135,95.8,1,3,28.7
2025,2025-03-13,put,09:50,473.5,2.57,OTM1,473,2.6,1.53,59,105.8,177,-100.0,78.8,157.7,235,-100.0,104.2,3,6,177,142,142,105.8,1,3,31.2
2025,2025-03-13,put,09:50,473.5,2.57,OTM2,472,2.19,1.53,59,106.4,177,-100.0,79.5,166.2,235,-100.0,90.4,3,6,176,34,153,106.4,1,3,31.5
2025,2025-03-13,put,09:50,473.5,2.57,OTM3,471,1.8,1.53,59,111.1,177,-52.2,70.0,173.9,235,-100.0,77.2,3,5,176,34,,111.1,1,3,33.3
2025,2025-03-14,call,09:50,477.43,3.62,ATM,477,2.89,2.96,82,15.9,114,-69.6,3.8,15.9,114,-69.6,9.3,,,,9,,15.9,1,364,15.9
2025,2025-03-14,call,09:50,477.43,3.62,OTM1,478,2.33,2.96,82,11.6,114,-73.0,-1.7,11.6,114,-73.0,-9.9,,,,9,,11.6,1,364,-1.3
2025,2025-03-14,call,09:50,477.43,3.62,OTM2,479,1.85,2.96,82,5.9,114,-76.8,-14.1,5.9,114,-83.8,-35.1,,,,9,29,5.9,1,364,-27.6
2025,2025-03-14,call,09:50,477.43,3.62,OTM3,480,1.41,2.96,82,2.8,0,-79.4,-26.2,2.8,0,-93.6,-66.7,,,,9,9,-0.7,1,364,-57.4
2025,2025-03-17,put,10:58,479.02,3.96,ATM,479,1.77,0.74,19,30.5,35,-55.9,-31.1,30.5,35,-100.0,-99.4,35,,,68,,-8.5,1,35,30.5
2025,2025-03-17,put,10:58,479.02,3.96,OTM1,478,1.31,0.74,19,33.6,35,-58.8,-35.9,33.6,35,-100.0,-99.2,35,,,68,,-13.0,1,35,33.6
2025,2025-03-17,put,10:58,479.02,3.96,OTM2,477,0.98,0.74,19,33.7,35,-62.2,-42.9,33.7,35,-100.0,-100.0,35,,,67,,-20.4,1,35,33.7
2025,2025-03-17,put,10:58,479.02,3.96,OTM3,476,0.74,0.74,19,32.4,35,-68.9,-52.7,32.4,35,-100.0,-98.6,35,,,67,,-28.4,1,35,32.4
2025,2025-03-18,put,09:52,474.66,4.58,ATM,475,2.59,0.68,15,36.3,73,-55.6,-47.5,36.3,73,-85.7,-70.3,7,,,156,,-6.2,1,4,19.7
2025,2025-03-18,put,09:52,474.66,4.58,OTM1,474,2.12,0.68,15,34.9,7,-63.7,-55.7,34.9,7,-95.3,-88.7,7,,,141,,-7.1,1,4,20.3
2025,2025-03-18,put,09:52,474.66,4.58,OTM2,473,1.69,0.68,15,37.3,7,-70.4,-63.3,37.3,7,-98.8,-97.6,7,,,139,,-12.4,1,4,21.9
2025,2025-03-18,put,09:52,474.66,4.58,OTM3,472,1.34,0.68,15,38.1,7,-75.4,-69.4,38.1,7,-99.3,-98.5,7,,,137,159,-32.1,1,4,21.6
2025,2025-03-19,call,09:54,477.85,2.6,ATM,478,2.6,1.27,49,38.5,119,-31.2,0.8,178.8,315,-100.0,3.8,14,,,,,,1,12,28.1
2025,2025-03-19,call,09:54,477.85,2.6,OTM1,479,2.09,1.27,49,39.2,119,-34.9,-2.4,204.8,315,-100.0,-22.5,14,,,,,,1,12,29.7
2025,2025-03-19,call,09:54,477.85,2.6,OTM2,480,1.63,1.27,49,40.5,119,-39.3,-6.1,227.0,315,-50.9,-49.7,12,,,,,,1,12,32.5
2025,2025-03-19,call,09:54,477.85,2.6,OTM3,481,1.24,1.27,49,39.5,14,-43.5,-12.1,257.3,315,-75.8,-73.4,12,,,,,,1,12,33.1
2025,2025-03-20,call,09:45,479.99,3.65,ATM,480,2.44,0.1,3,107.4,62,-59.0,-53.7,107.4,62,-94.3,-81.1,15,18,57,162,,-32.8,1,0,2.5
2025,2025-03-20,call,09:45,479.99,3.65,OTM1,481,1.92,0.1,3,118.8,60,-64.6,-59.4,118.8,60,-97.4,-91.7,15,18,41,162,,-40.1,1,0,3.1
2025,2025-03-20,call,09:45,479.99,3.65,OTM2,482,1.49,0.1,3,129.5,62,-70.5,-65.1,129.5,62,-99.3,-98.0,15,17,38,162,,-47.7,1,0,2.7
2025,2025-03-20,call,09:45,479.99,3.65,OTM3,483,1.13,0.1,3,138.9,62,-74.3,-70.8,138.9,62,-100.0,-98.2,15,17,38,159,,-42.5,1,0,1.8
2025,2025-03-21,call,09:50,475.61,2.49,ATM,476,2.22,0.1,4,82.4,188,-100.0,67.1,107.2,364,-100.0,105.0,147,152,,111,183,82.4,1,0,5.9
2025,2025-03-21,call,09:50,475.61,2.49,OTM1,477,1.77,0.1,4,97.7,186,-61.0,61.6,104.0,364,-100.0,101.1,148,153,,110,,97.7,1,0,6.2
2025,2025-03-21,call,09:50,475.61,2.49,OTM2,478,1.39,0.1,4,101.4,186,-67.6,58.3,101.4,186,-67.6,82.0,148,153,186,98,,101.4,1,0,5.8
2025,2025-03-21,call,09:50,475.61,2.49,OTM3,479,1.07,0.1,4,71.0,188,-73.8,45.8,71.0,188,-76.6,47.7,150,186,,20,,71.0,1,0,5.6
2025,2025-03-24,call,09:46,488.71,1.54,ATM,489,1.52,4.02,261,43.4,140,-30.3,-4.6,60.5,368,-47.4,30.3,62,,,,,,0,,
2025,2025-03-24,call,09:46,488.71,1.54,OTM1,490,1.03,4.02,261,39.8,141,-35.9,-16.5,40.8,368,-67.0,-2.9,10,,,,,,0,,
2025,2025-03-24,call,09:46,488.71,1.54,OTM2,491,0.67,4.02,261,29.9,10,-50.7,-35.8,29.9,10,-82.1,-58.2,,,,175,,-14.9,0,,
2025,2025-03-24,call,09:46,488.71,1.54,OTM3,492,0.4,4.02,261,30.0,10,-62.5,-52.5,30.0,10,-100.0,-92.5,10,,,122,,-2.5,0,,
2025,2025-03-25,put,09:48,490.52,1.39,ATM,491,1.81,0.39,28,1.7,0,-83.4,-82.9,1.7,0,-99.4,-99.4,,,,22,53,-35.9,0,,
2025,2025-03-25,put,09:48,490.52,1.39,OTM1,490,1.35,0.39,28,1.5,0,-87.4,-86.7,1.5,0,-100.0,-99.3,,,,21,51,-39.3,0,,
2025,2025-03-25,put,09:48,490.52,1.39,OTM2,489,0.98,0.39,28,3.1,0,-89.8,-88.8,3.1,0,-100.0,-99.0,,,,11,49,-11.2,0,,
2025,2025-03-25,put,09:48,490.52,1.39,OTM3,488,0.73,0.39,28,0.0,0,-100.0,-90.4,0.0,0,-100.0,-98.6,,,,11,40,-15.1,0,,
2025,2025-03-26,put,09:48,491.59,1.49,ATM,492,1.6,0.05,3,343.8,188,-100.0,-100.0,463.1,318,-100.0,-100.0,4,6,8,53,53,343.8,1,0,16.2
2025,2025-03-26,put,09:48,491.59,1.49,OTM1,491,1.13,0.05,3,443.4,188,-100.0,-100.0,616.8,318,-100.0,461.1,4,4,8,139,139,443.4,1,0,21.2
2025,2025-03-26,put,09:48,491.59,1.49,OTM2,490,0.84,0.05,3,522.6,188,-100.0,476.2,751.2,318,-100.0,556.0,4,4,8,172,172,522.6,1,0,15.5
2025,2025-03-26,put,09:48,491.59,1.49,OTM3,489,0.57,0.05,3,668.4,188,-1.8,593.0,1049.1,327,-100.0,670.2,4,4,8,,,,1,0,19.3
2025,2025-03-27,call,09:55,483.61,3.15,ATM,484,1.74,2.03,64,81.6,60,-71.8,-70.7,81.6,60,-99.4,-98.9,41,42,,122,,23.6,1,42,53.4
2025,2025-03-27,call,09:55,483.61,3.15,OTM1,485,1.25,2.03,64,94.4,60,-78.4,-76.8,94.4,60,-99.2,-99.2,41,42,,111,181,18.4,1,42,60.0
2025,2025-03-27,call,09:55,483.61,3.15,OTM2,486,0.86,2.03,64,103.5,60,-82.6,-82.6,103.5,60,-98.8,-97.7,40,42,60,105,174,9.3,1,42,66.3
2025,2025-03-28,put,10:04,478.02,2.44,ATM,478,1.93,1.43,59,337.3,174,-100.0,-100.0,411.9,330,-100.0,347.2,2,3,8,63,63,337.3,1,3,63.7
2025,2025-03-28,put,10:04,478.02,2.44,OTM1,477,1.49,1.43,59,412.1,175,-100.0,412.1,491.3,338,-100.0,411.4,1,3,7,77,77,412.1,1,3,70.5
2025,2025-03-28,put,10:04,478.02,2.44,OTM2,476,1.13,1.43,59,492.0,175,-100.0,492.0,597.3,330,-100.0,501.8,1,3,7,83,83,492.0,1,3,77.0
2025,2025-03-28,put,10:04,478.02,2.44,OTM3,475,0.83,1.43,59,571.1,138,-100.0,562.7,736.1,341,-100.0,572.3,1,3,6,139,139,562.7,1,3,85.5
2025,2025-03-31,put,09:45,457.53,4.53,ATM,458,2.95,5.63,124,2.7,0,-94.9,-92.2,2.7,0,-100.0,-99.7,,,,10,74,-38.0,0,,
2025,2025-03-31,put,09:45,457.53,4.53,OTM1,457,2.47,5.63,124,2.8,0,-100.0,-93.1,2.8,0,-100.0,-99.6,,,,10,48,-40.1,0,,
2025,2025-03-31,put,09:45,457.53,4.53,OTM2,456,2.03,5.63,124,3.4,0,-100.0,-94.1,3.4,0,-100.0,-100.0,,,,9,48,-41.4,0,,
2025,2025-03-31,put,09:45,457.53,4.53,OTM3,455,1.67,5.63,124,2.4,0,-100.0,-94.0,2.4,0,-100.0,-99.4,,,,9,47,-43.1,0,,
2025,2025-04-01,call,09:47,468.65,2.26,ATM,469,2.09,4.03,178,129.7,152,-73.7,55.0,129.7,152,-100.0,57.9,71,80,134,19,,129.7,1,122,99.0
2025,2025-04-01,call,09:47,468.65,2.26,OTM1,470,1.63,4.03,178,142.3,152,-77.9,56.4,142.3,152,-90.8,44.8,72,80,90,14,33,142.3,1,122,102.5
2025,2025-04-01,call,09:47,468.65,2.26,OTM2,471,1.23,4.03,178,151.2,153,-78.9,56.1,151.2,153,-94.3,17.9,72,80,88,14,32,151.2,1,122,108.1
2025,2025-04-01,call,09:47,468.65,2.26,OTM3,472,0.9,4.03,178,162.2,152,-81.1,44.4,162.2,152,-95.6,-38.9,73,80,88,13,25,162.2,1,122,115.6
2025,2025-04-02,call,09:45,471.43,5.15,ATM,471,3.67,4.59,89,106.3,185,-100.0,101.9,135.7,207,-100.0,62.4,99,146,184,161,161,106.3,1,154,58.3
2025,2025-04-02,call,09:45,471.43,5.15,OTM1,472,3.16,4.59,89,113.9,184,-100.0,108.9,148.7,206,-100.0,66.5,99,146,183,140,140,113.9,1,154,60.4
2025,2025-04-02,call,09:45,471.43,5.15,OTM2,473,2.63,4.59,89,123.6,184,-100.0,119.4,169.2,206,-100.0,70.3,99,146,183,172,172,123.6,1,154,65.4
2025,2025-04-02,call,09:45,471.43,5.15,OTM3,474,2.22,4.59,89,130.2,185,-33.3,124.8,175.2,207,-100.0,70.7,99,146,183,,,,1,154,64.9
2025,2025-04-03,put,10:10,455.64,3.96,ATM,456,3.26,1.24,31,65.6,56,-60.1,-36.5,65.6,56,-100.0,35.3,38,55,,126,,-17.5,1,32,10.4
2025,2025-04-03,put,10:10,455.64,3.96,OTM1,455,2.78,1.24,31,65.8,56,-64.4,-39.9,65.8,56,-100.0,29.5,38,54,,122,,-22.3,1,32,9.7
2025,2025-04-03,put,10:10,455.64,3.96,OTM2,454,2.32,1.24,31,69.0,56,-69.8,-47.0,69.0,56,-100.0,14.2,38,54,,121,,-27.6,1,32,8.2
2025,2025-04-03,put,10:10,455.64,3.96,OTM3,453,1.94,1.24,31,68.6,56,-72.7,-53.1,68.6,56,-74.7,-5.7,38,54,,90,,-12.4,1,32,5.7
2025,2025-04-04,put,10:12,433.96,5.81,ATM,434,3.83,,,142.3,38,-100.0,50.4,174.2,342,-100.0,174.2,21,31,36,120,120,91.4,0,,
2025,2025-04-04,put,10:12,433.96,5.81,OTM1,433,3.32,,,157.8,37,-41.3,54.2,186.7,273,-100.0,182.5,20,28,35,,,,0,,
2025,2025-04-04,put,10:12,433.96,5.81,OTM2,432,2.86,,,174.1,37,-100.0,53.1,197.6,273,-100.0,197.2,20,23,34,154,154,92.3,0,,
2025,2025-04-04,put,10:12,433.96,5.81,OTM3,431,2.52,,,185.7,38,-40.5,54.8,199.2,272,-100.0,176.6,20,23,34,,,,0,,
2025,2025-04-07,call,09:52,411.96,7.61,ATM,412,6.15,5.44,72,387.8,24,-100.0,84.6,387.8,24,-100.0,-100.0,5,7,18,25,25,274.0,1,6,48.1
2025,2025-04-08,call,09:46,439.5,3.37,ATM,440,4.24,4.84,144,30.9,35,-94.1,-94.1,30.9,35,-100.0,-99.8,35,,,81,125,-47.9,0,,
2025,2025-04-08,call,09:46,439.5,3.37,OTM1,441,3.7,4.84,144,31.9,31,-94.6,-94.3,31.9,31,-100.0,-100.0,30,,,79,123,-45.4,0,,
2025,2025-04-08,call,09:46,439.5,3.37,OTM2,442,3.26,4.84,144,30.4,35,-95.1,-94.5,30.4,35,-100.0,-99.7,35,,,70,97,-40.2,0,,
2025,2025-04-08,call,09:46,439.5,3.37,OTM3,443,2.83,4.84,144,29.7,35,-95.4,-95.4,29.7,35,-100.0,-100.0,,,,69,90,-43.5,0,,
2025,2025-04-09,call,10:02,424.0,8.51,ATM,424,5.7,2.46,29,7.9,0,-71.4,-30.9,652.6,348,-100.0,648.8,,,,46,,-24.4,1,179,5.3
2025,2025-04-10,put,09:58,450.87,4.55,ATM,451,4.91,0.88,19,277.0,148,-100.0,98.8,277.0,148,-100.0,28.7,84,92,112,127,127,277.0,1,1,9.0
2025,2025-04-10,put,09:58,450.87,4.55,OTM1,450,4.44,0.88,19,301.8,148,-100.0,99.3,301.8,148,-100.0,-5.4,84,92,112,160,160,200.2,1,1,8.6
2025,2025-04-10,put,09:58,450.87,4.55,OTM2,449,4.0,0.88,19,323.0,148,-100.0,125.2,323.0,148,-100.0,15.3,84,92,112,124,124,323.0,1,1,9.3
2025,2025-04-10,put,09:58,450.87,4.55,OTM3,448,3.55,0.88,19,351.8,148,-100.0,120.8,351.8,148,-100.0,-22.3,84,92,112,141,141,351.8,1,1,10.4
2025,2025-04-11,call,09:46,448.93,5.27,ATM,449,5.59,7.65,145,9.7,183,-66.9,-15.0,34.2,247,-100.0,5.9,,,,33,,9.7,0,,
2025,2025-04-11,call,09:46,448.93,5.27,OTM1,450,4.95,7.65,145,10.1,186,-68.7,-17.0,34.9,247,-100.0,-3.4,,,,32,,10.1,0,,
2025,2025-04-11,call,09:46,448.93,5.27,OTM2,451,4.44,7.65,145,9.9,7,-69.4,-20.5,28.8,247,-100.0,-11.9,,,,32,,6.3,0,,
2025,2025-04-11,call,09:46,448.93,5.27,OTM3,452,4.05,7.65,145,8.1,7,-71.6,-25.9,26.2,247,-100.0,-23.2,,,,32,,1.2,0,,
2025,2025-04-14,put,11:26,458.75,6.23,ATM,459,2.65,6.11,98,164.2,44,-100.0,71.7,164.2,44,-100.0,-38.9,3,11,21,39,39,164.2,1,44,164.2
2025,2025-04-14,put,11:26,458.75,6.23,OTM1,458,2.22,6.11,98,177.9,44,-1.4,71.6,177.9,44,-100.0,-60.4,3,11,20,,,,1,44,177.9
2025,2025-04-14,put,11:26,458.75,6.23,OTM2,457,1.85,6.11,98,193.5,44,-2.7,75.1,193.5,44,-100.0,-78.9,2,11,20,,,,1,44,193.5
2025,2025-04-14,put,11:26,458.75,6.23,OTM3,456,1.51,6.11,98,212.6,44,-2.0,79.5,212.6,44,-98.0,-90.7,2,11,19,,,,1,44,212.6
2025,2025-04-15,call,09:48,461.26,2.81,ATM,461,2.87,3.12,111,9.4,24,-81.9,-81.5,9.4,24,-99.7,-99.7,,,,30,186,-24.0,0,,
2025,2025-04-15,call,09:48,461.26,2.81,OTM1,462,2.33,3.12,111,9.0,24,-85.0,-85.0,9.0,24,-100.0,-99.6,,,,30,183,-27.9,0,,
2025,2025-04-15,call,09:48,461.26,2.81,OTM2,463,1.85,3.12,111,7.6,24,-87.6,-87.6,7.6,24,-100.0,-99.5,,,,30,119,-31.9,0,,
2025,2025-04-15,call,09:48,461.26,2.81,OTM3,464,1.45,3.12,111,53.1,28,-89.7,-89.7,53.1,28,-100.0,-100.0,28,28,,30,108,-36.6,0,,
2025,2025-04-16,put,09:52,448.39,2.56,ATM,448,2.74,,,18.2,7,-69.0,-36.1,270.8,333,-100.0,-100.0,,,,50,,-24.1,0,,
2025,2025-04-16,put,09:52,448.39,2.56,OTM1,447,2.32,,,18.5,7,-71.6,-41.4,293.1,332,-100.0,72.8,,,,49,,-29.3,0,,
2025,2025-04-16,put,09:52,448.39,2.56,OTM2,446,1.95,,,17.9,7,-73.8,-47.7,312.8,336,-100.0,22.6,,,,48,,-33.8,0,,
2025,2025-04-16,put,09:52,448.39,2.56,OTM3,445,1.6,,,20.0,7,-75.6,-51.2,353.8,334,-100.0,1.3,,,,32,92,-37.5,0,,
2025,2025-04-17,put,10:18,444.26,3.08,ATM,444,2.5,7.18,233,64.4,20,-60.0,-58.4,64.4,20,-92.0,-70.8,11,12,,130,,-19.2,0,,
2025,2025-04-17,put,10:18,444.26,3.08,OTM1,443,2.09,7.18,233,68.4,20,-63.6,-62.2,68.4,20,-94.3,-81.8,10,12,,127,,-24.4,0,,
2025,2025-04-17,put,10:18,444.26,3.08,OTM2,442,1.74,7.18,233,71.8,20,-67.2,-66.1,71.8,20,-96.6,-90.8,10,12,,120,,-29.9,0,,
2025,2025-04-17,put,10:18,444.26,3.08,OTM3,441,1.43,7.18,233,76.2,20,-70.6,-69.9,76.2,20,-100.0,-95.1,10,12,,120,,-35.0,0,,
2025,2025-04-21,put,09:53,436.45,2.47,ATM,436,2.54,1.63,66,149.2,121,-100.0,-100.0,216.9,300,-100.0,16.5,6,8,98,35,35,149.2,1,6,44.9
2025,2025-04-21,put,09:53,436.45,2.47,OTM1,435,2.11,1.63,66,155.9,121,-100.0,134.6,237.0,251,-100.0,-5.2,6,8,97,133,133,148.8,1,6,47.9
2025,2025-04-21,put,09:53,436.45,2.47,OTM2,434,1.76,1.63,66,159.7,121,-100.0,141.5,244.3,244,-100.0,-46.0,6,8,98,147,147,147.7,1,6,47.7
2025,2025-04-21,put,09:53,436.45,2.47,OTM3,433,1.44,1.63,66,164.6,121,-4.9,130.6,261.1,248,-100.0,-69.4,6,6,98,,,,1,6,50.7
2025,2025-04-22,call,09:45,441.04,2.68,ATM,441,2.67,3.48,130,150.9,162,-100.0,112.7,150.9,162,-100.0,8.6,71,81,135,107,107,150.9,1,133,59.6
2025,2025-04-22,call,09:45,441.04,2.68,OTM1,442,2.14,3.48,130,178.0,162,-100.0,120.6,178.0,162,-100.0,-7.5,71,80,135,163,163,166.4,1,133,58.9
2025,2025-04-22,call,09:45,441.04,2.68,OTM2,443,1.7,3.48,130,201.2,162,-100.0,118.8,201.2,162,-100.0,-29.4,71,81,134,188,188,132.9,1,133,56.5
2025,2025-04-22,call,09:45,441.04,2.68,OTM3,444,1.33,3.48,130,223.3,162,-100.0,126.3,223.3,162,-100.0,-51.1,71,89,134,180,180,146.6,1,133,50.4
2025,2025-04-23,call,09:51,462.24,4.66,ATM,462,3.45,,,2.0,8,-94.5,-87.2,2.0,8,-100.0,-99.4,,,,24,95,-1.4,0,,
2025,2025-04-23,call,09:51,462.24,4.66,OTM1,463,2.92,,,8.9,8,-95.2,-88.7,8.9,8,-100.0,-99.7,,,,24,91,-4.1,0,,
2025,2025-04-23,call,09:51,462.24,4.66,OTM2,464,2.46,,,5.3,8,-95.5,-89.8,5.3,8,-100.0,-99.6,,,,23,91,-6.9,0,,
2025,2025-04-23,call,09:51,462.24,4.66,OTM3,465,2.08,,,2.4,0,-96.2,-90.9,2.4,0,-100.0,-99.5,,,,23,91,-12.5,0,,
2025,2025-04-24,call,09:45,458.67,2.73,ATM,459,2.83,2.09,77,166.1,192,-100.0,136.7,196.5,307,-100.0,-100.0,11,15,51,91,91,166.1,1,12,39.2
2025,2025-04-24,call,09:45,458.67,2.73,OTM1,460,2.37,2.09,77,181.9,193,-100.0,151.1,217.7,368,-100.0,205.9,11,14,49,137,137,181.9,1,12,40.9
2025,2025-04-24,call,09:45,458.67,2.73,OTM2,461,1.94,2.09,77,197.4,192,-100.0,157.7,240.7,368,-100.0,217.5,11,14,46,95,95,197.4,1,12,44.3
2025,2025-04-24,call,09:45,458.67,2.73,OTM3,462,1.58,2.09,77,213.3,192,-100.0,174.1,254.4,368,-100.0,226.6,11,13,43,178,178,213.3,1,12,46.2
2025,2025-04-25,put,09:52,465.81,2.59,ATM,466,2.82,0.4,15,7.4,0,-93.3,-93.3,7.4,0,-100.0,-99.6,,,,16,125,-4.3,1,0,7.4
2025,2025-04-25,put,09:52,465.81,2.59,OTM1,465,2.37,0.4,15,7.6,0,-94.1,-94.1,7.6,0,-100.0,-99.6,,,,14,89,-5.5,1,0,7.6
2025,2025-04-25,put,09:52,465.81,2.59,OTM2,464,1.98,0.4,15,8.1,0,-100.0,-94.4,8.1,0,-100.0,-99.5,,,,14,81,-7.6,1,0,8.1
2025,2025-04-28,call,09:45,474.31,2.77,ATM,474,2.35,1.21,44,10.6,0,-97.0,-97.0,10.6,0,-100.0,-95.3,,,,11,73,-44.3,0,,
2025,2025-04-28,call,09:45,474.31,2.77,OTM1,475,1.82,1.21,44,12.1,0,-100.0,-96.7,12.1,0,-100.0,-98.4,,,,11,45,-46.7,0,,
2025,2025-04-28,call,09:45,474.31,2.77,OTM2,476,1.4,1.21,44,10.7,0,-100.0,-96.4,10.7,0,-100.0,-99.3,,,,10,45,-48.6,0,,
2025,2025-04-28,call,09:45,474.31,2.77,OTM3,477,1.04,1.21,44,12.5,0,-100.0,-96.2,12.5,0,-100.0,-99.0,,,,9,44,-47.1,0,,
2025,2025-04-29,call,09:45,471.75,1.77,ATM,472,2.11,4.17,236,65.4,20,-48.8,-43.6,113.3,282,-100.0,63.5,19,20,,,,,1,257,97.6
2025,2025-04-29,call,09:45,471.75,1.77,OTM1,473,1.61,4.17,236,72.0,20,-57.1,-52.8,883.2,241,-100.0,49.1,4,19,,190,,-42.9,1,257,99.4
2025,2025-04-29,call,09:45,471.75,1.77,OTM2,474,1.21,4.17,236,78.5,20,-65.3,-60.3,120.7,282,-65.3,22.3,4,19,,183,,-38.0,1,257,96.7
2025,2025-04-29,call,09:45,471.75,1.77,OTM3,475,0.87,4.17,236,88.5,20,-71.3,-67.8,116.1,259,-72.4,-31.0,4,19,,182,,-48.3,1,257,89.7
2025,2025-04-30,put,09:56,463.04,4.07,ATM,463,2.9,,,8.6,2,-93.8,-93.4,8.6,2,-100.0,-99.0,,,,17,60,-44.8,0,,
2025,2025-04-30,put,09:56,463.04,4.07,OTM1,462,2.42,,,9.1,2,-94.2,-94.2,9.1,2,-100.0,-99.2,,,,17,47,-46.3,0,,
2025,2025-04-30,put,09:56,463.04,4.07,OTM2,461,2.03,,,8.9,2,-100.0,-94.6,8.9,2,-100.0,-99.0,,,,16,47,-48.8,0,,
2025,2025-04-30,put,09:56,463.04,4.07,OTM3,460,1.67,,,10.2,2,-94.6,-94.6,10.2,2,-100.0,-98.8,,,,16,36,-49.7,0,,
2025,2025-05-01,put,09:59,481.0,2.43,ATM,481,2.42,0.14,6,15.7,0,-83.5,-55.8,15.7,0,-91.3,-70.2,,,,25,58,-34.3,0,,
2025,2025-05-01,put,09:59,481.0,2.43,OTM1,480,2.14,0.14,6,6.5,0,-85.5,-62.1,6.5,0,-94.9,-79.0,,,,22,55,-42.1,0,,
2025,2025-05-01,put,09:59,481.0,2.43,OTM2,479,1.72,0.14,6,16.3,0,-85.5,-65.1,16.3,0,-100.0,-84.3,,,,22,48,-44.8,0,,
2025,2025-05-01,put,09:59,481.0,2.43,OTM3,478,1.37,0.14,6,8.8,1,-100.0,-67.2,8.8,1,-100.0,-88.3,,,,21,47,-46.0,0,,
2025,2025-05-02,call,10:10,487.78,2.46,ATM,488,1.72,1.87,76,79.7,148,-35.5,52.9,79.7,148,-58.7,-45.9,110,110,,,,,1,110,65.7
2025,2025-05-02,call,10:10,487.78,2.46,OTM1,489,1.23,1.87,76,87.0,115,-43.9,52.8,87.0,115,-100.0,-70.7,110,110,,,,,1,110,67.5
2025,2025-05-02,call,10:10,487.78,2.46,OTM2,490,0.87,1.87,76,92.0,115,-54.0,33.3,92.0,115,-92.0,-90.8,110,110,,79,,92.0,1,110,60.9
2025,2025-05-02,call,10:10,487.78,2.46,OTM3,491,0.6,1.87,76,88.3,114,-61.7,15.0,88.3,114,-96.7,-95.0,110,112,,75,,88.3,1,110,46.7
2025,2025-05-05,call,09:57,486.05,1.64,ATM,486,1.82,1.82,111,27.5,3,-45.6,6.6,385.2,356,-100.0,-76.4,,,,,,,1,164,26.4
2025,2025-05-05,call,09:57,486.05,1.64,OTM1,487,1.32,1.82,111,31.1,3,-50.0,-4.5,62.1,286,-91.7,-88.6,3,,,38,,19.7,1,164,18.2
2025,2025-05-05,call,09:57,486.05,1.64,OTM2,488,0.94,1.82,111,31.9,3,-55.3,-20.2,38.3,286,-96.8,-94.7,3,,,36,,11.7,1,164,4.3
2025,2025-05-05,call,09:57,486.05,1.64,OTM3,489,0.64,1.82,111,34.4,3,-57.8,-34.4,34.4,3,-98.4,-98.4,3,,,35,,6.3,1,164,-9.4
2025,2025-05-06,put,09:51,478.93,2.05,ATM,479,1.99,0.29,14,30.7,8,-94.5,-78.4,30.7,8,-100.0,-99.5,8,,,24,42,-47.7,1,1,10.6
2025,2025-05-06,put,09:51,478.93,2.05,OTM1,478,1.54,0.29,14,16.2,8,-94.8,-83.1,16.2,8,-100.0,-99.4,,,,20,38,-38.3,1,1,13.0
2025,2025-05-06,put,09:51,478.93,2.05,OTM2,477,1.18,0.29,14,36.4,8,-100.0,-85.6,36.4,8,-100.0,-99.2,8,,,18,31,-41.5,1,1,13.6
2025,2025-05-06,put,09:51,478.93,2.05,OTM3,476,0.89,0.29,14,15.7,8,-100.0,-88.8,15.7,8,-100.0,-100.0,,,,17,31,-44.9,1,1,13.5
2025,2025-05-07,call,09:57,482.99,1.65,ATM,483,2.41,1.7,103,10.8,31,-63.1,-34.0,20.3,345,-98.8,-70.5,,,,63,,-31.5,1,344,-8.7
2025,2025-05-07,call,09:57,482.99,1.65,OTM1,484,1.91,1.7,103,9.4,31,-64.9,-37.7,9.4,31,-99.0,-83.8,,,,62,,-35.1,1,344,-29.8
2025,2025-05-07,call,09:57,482.99,1.65,OTM2,485,1.48,1.7,103,8.1,31,-66.9,-39.9,8.1,31,-99.3,-91.9,,,,56,,-37.8,1,344,-43.9
2025,2025-05-07,call,09:57,482.99,1.65,OTM3,486,1.11,1.7,103,7.2,31,-67.6,-41.4,7.2,31,-99.1,-95.5,,,,56,,-39.6,1,344,-62.2
2025,2025-05-08,put,09:48,486.52,1.81,ATM,487,2.54,3.27,181,52.8,66,-94.1,-93.7,52.8,66,-100.0,-94.1,65,66,,95,111,-50.8,0,,
2025,2025-05-08,put,09:48,486.52,1.81,OTM1,486,2.06,3.27,181,56.8,66,-100.0,-94.2,56.8,66,-100.0,-96.1,23,66,,91,106,-38.3,0,,
2025,2025-05-08,put,09:48,486.52,1.81,OTM2,485,1.66,3.27,181,60.2,66,-100.0,-94.6,60.2,66,-100.0,-97.6,23,66,,91,99,-42.2,0,,
2025,2025-05-08,put,09:48,486.52,1.81,OTM3,484,1.32,3.27,181,62.9,66,-100.0,-94.7,62.9,66,-100.0,-98.5,23,66,,91,99,-47.0,0,,
2025,2025-05-09,put,09:52,489.8,1.41,ATM,490,1.9,1.2,85,132.1,46,-100.0,81.6,132.1,46,-100.0,6.3,33,34,43,147,147,95.8,1,33,40.0
2025,2025-05-09,put,09:52,489.8,1.41,OTM1,489,1.44,1.2,85,154.9,46,-100.0,88.9,154.9,46,-100.0,-23.6,33,34,42,155,155,104.2,1,33,43.7
2025,2025-05-09,put,09:52,489.8,1.41,OTM2,488,1.06,1.2,85,183.0,46,-49.1,76.4,183.0,46,-86.8,-66.0,33,34,35,,,,1,33,48.1
2025,2025-05-09,put,09:52,489.8,1.41,OTM3,487,0.8,1.2,85,201.3,46,-51.2,63.7,201.3,46,-97.5,-88.8,33,34,35,14,,201.3,1,33,46.2
2025,2025-05-12,put,10:28,502.67,4.27,ATM,503,2.06,6.27,147,35.4,2,-85.0,-84.5,35.4,2,-99.5,-99.5,2,,,38,116,-24.8,0,,
2025,2025-05-12,put,10:28,502.67,4.27,OTM1,502,1.6,6.27,147,38.1,2,-86.9,-86.9,38.1,2,-100.0,-99.4,2,,,25,113,-28.1,0,,
2025,2025-05-12,put,10:28,502.67,4.27,OTM2,501,1.19,6.27,147,43.7,2,-87.4,-87.4,43.7,2,-100.0,-99.2,2,,,25,109,-30.3,0,,
2025,2025-05-12,put,10:28,502.67,4.27,OTM3,500,0.9,6.27,147,46.7,2,-88.9,-87.8,46.7,2,-100.0,-98.9,1,,,17,107,-33.3,0,,
2025,2025-05-13,call,09:50,511.16,2.62,ATM,511,1.84,1.68,64,245.1,178,-100.0,214.7,246.7,225,-100.0,163.0,6,15,23,47,47,245.1,1,15,52.7
2025,2025-05-13,call,09:50,511.16,2.62,OTM1,512,1.35,1.68,64,289.6,185,-100.0,255.6,300.7,225,-100.0,183.7,6,15,23,108,108,289.6,1,15,58.5
2025,2025-05-13,call,09:50,511.16,2.62,OTM2,513,0.96,1.68,64,356.2,185,-100.0,302.1,368.8,225,-100.0,197.9,6,12,22,150,150,356.2,1,15,61.5
2025,2025-05-13,call,09:50,511.16,2.62,OTM3,514,0.67,1.68,64,407.5,178,-6.0,341.8,429.9,225,-100.0,192.5,6,13,17,,,,1,15,61.2
2025,2025-05-14,put,09:47,516.53,2.23,ATM,517,2.2,2.15,97,19.5,8,-81.4,-66.4,19.5,8,-97.3,-97.3,,,,65,164,-7.3,0,,
2025,2025-05-14,put,09:47,516.53,2.23,OTM1,516,1.73,2.15,97,21.4,0,-85.0,-73.4,21.4,0,-99.4,-98.8,,,,62,137,-11.0,0,,
2025,2025-05-14,put,09:47,516.53,2.23,OTM2,515,1.34,2.15,97,25.4,1,-87.3,-79.1,25.4,1,-100.0,-98.5,,,,61,135,-16.4,0,,
2025,2025-05-14,put,09:47,516.53,2.23,OTM3,514,1.03,2.15,97,27.2,0,-100.0,-82.5,27.2,0,-100.0,-99.0,,,,44,110,-20.4,0,,
2025,2025-05-15,put,09:46,515.67,1.42,ATM,516,2.0,1.37,96,13.5,2,-100.0,-93.0,13.5,2,-100.0,-98.5,,,,67,90,-48.0,0,,
2025,2025-05-15,put,09:46,515.67,1.42,OTM1,515,1.53,1.37,96,15.0,2,-94.1,-94.1,15.0,2,-100.0,-99.3,,,,34,88,-11.8,0,,
2025,2025-05-15,put,09:46,515.67,1.42,OTM2,514,1.18,1.37,96,14.4,2,-94.1,-94.1,14.4,2,-100.0,-99.2,,,,14,78,-16.9,0,,
2025,2025-05-15,put,09:46,515.67,1.42,OTM3,513,0.88,1.37,96,17.0,2,-100.0,-94.3,17.0,2,-100.0,-100.0,,,,14,76,-20.5,0,,
2025,2025-05-16,put,10:35,518.64,1.94,ATM,519,1.68,0.09,5,56.5,9,-66.7,-55.4,56.5,9,-98.8,-98.8,7,8,,65,,-31.5,1,0,8.3
2025,2025-05-16,put,10:35,518.64,1.94,OTM1,518,1.22,0.09,5,65.6,9,-73.8,-63.1,65.6,9,-99.2,-99.2,7,8,,65,,-36.9,1,0,9.0
2025,2025-05-16,put,10:35,518.64,1.94,OTM2,517,0.86,0.09,5,74.4,9,-77.9,-69.8,74.4,9,-98.8,-98.8,6,8,,56,137,-41.9,1,0,10.5
2025,2025-05-16,put,10:35,518.64,1.94,OTM3,516,0.61,0.09,5,77.0,8,-82.0,-75.4,77.0,8,-100.0,-98.4,7,8,,54,107,-47.5,1,0,9.8
2025,2025-05-19,call,09:45,517.56,3.2,ATM,518,1.73,0.76,24,113.9,193,-100.0,106.9,170.5,231,-100.0,115.6,16,20,190,141,141,113.9,1,2,23.1
2025,2025-05-19,call,09:45,517.56,3.2,OTM1,519,1.27,0.76,24,120.5,193,-18.1,117.3,191.3,206,-18.1,115.7,4,20,31,,,,1,2,26.8
2025,2025-05-19,call,09:45,517.56,3.2,OTM2,520,0.93,0.76,24,114.0,190,-20.4,109.7,201.1,207,-28.0,83.9,4,20,30,,,,1,2,25.8
2025,2025-05-19,call,09:45,517.56,3.2,OTM3,521,0.62,0.76,24,356.5,114,-16.1,101.6,356.5,114,-58.1,32.3,2,16,21,,,,1,2,37.1
2025,2025-05-20,put,09:47,518.32,1.13,ATM,518,1.54,1.97,174,9.1,3,-86.4,-86.4,9.1,3,-97.4,-96.8,,,,33,160,-26.6,0,,
2025,2025-05-20,put,09:47,518.32,1.13,OTM1,517,1.14,1.97,174,10.5,3,-89.5,-88.6,10.5,3,-98.2,-98.2,,,,32,128,-31.6,0,,
2025,2025-05-20,put,09:47,518.32,1.13,OTM2,516,0.82,1.97,174,13.4,3,-100.0,-90.2,13.4,3,-100.0,-97.6,,,,30,102,-34.1,0,,
2025,2025-05-20,put,09:47,518.32,1.13,OTM3,515,0.59,1.97,174,13.6,3,-100.0,-89.8,13.6,3,-100.0,-96.6,,,,30,57,-40.7,0,,
2025,2025-05-21,call,09:48,518.56,2.3,ATM,519,1.46,0.23,10,182.9,181,-100.0,132.9,182.9,181,-100.0,-99.3,12,12,79,153,153,182.9,1,0,7.5
2025,2025-05-21,call,09:48,518.56,2.3,OTM1,520,1.02,0.23,10,215.7,181,-100.0,141.2,215.7,181,-100.0,-99.0,12,69,78,165,165,215.7,1,0,7.8
2025,2025-05-21,call,09:48,518.56,2.3,OTM2,521,0.7,0.23,10,237.1,180,-30.0,144.3,237.1,180,-100.0,-100.0,12,12,78,,,,1,0,5.7
2025,2025-05-21,call,09:48,518.56,2.3,OTM3,522,0.45,0.23,10,264.4,140,-33.3,148.9,264.4,140,-100.0,-97.8,12,12,78,,,,1,0,8.9
2025,2025-05-22,call,09:52,515.3,2.56,ATM,515,2.2,0.49,19,59.1,14,-44.1,-35.5,59.1,14,-88.2,-88.2,4,10,,,,,1,0,13.6
2025,2025-05-22,call,09:52,515.3,2.56,OTM1,516,1.67,0.49,19,67.7,14,-50.3,-43.1,67.7,14,-94.6,-94.0,4,8,,183,,-41.3,1,0,16.2
2025,2025-05-22,call,09:52,515.3,2.56,OTM2,517,1.24,0.49,19,75.8,14,-58.1,-51.6,75.8,14,-98.4,-97.6,4,7,,64,,33.9,1,0,18.5
2025,2025-05-22,call,09:52,515.3,2.56,OTM3,518,0.89,0.49,19,86.5,14,-65.2,-58.4,86.5,14,-98.9,-98.9,4,6,,62,,28.1,1,0,21.3
2025,2025-05-23,call,10:12,509.3,3.1,ATM,509,2.34,0.04,1,2.6,0,-54.7,-27.4,32.5,243,-78.6,-75.6,,,,63,,-0.9,1,0,2.6
2025,2025-05-23,call,10:12,509.3,3.1,OTM1,510,1.83,0.04,1,2.7,0,-57.4,-36.1,24.6,244,-91.8,-90.2,,,,53,,-3.3,1,0,2.7
2025,2025-05-23,call,10:12,509.3,3.1,OTM2,511,1.38,0.04,1,3.6,0,-64.5,-44.9,16.7,196,-97.1,-96.4,,,,52,,-8.7,1,0,3.6
2025,2025-05-23,call,10:12,509.3,3.1,OTM3,512,1.03,0.04,1,3.9,0,-70.9,-56.3,3.9,0,-98.1,-98.1,,,,47,,-15.5,1,0,3.9
2025,2025-05-27,call,09:55,516.82,2.2,ATM,517,1.36,1.49,68,203.7,166,-100.0,161.0,255.1,245,-100.0,191.2,4,8,90,174,174,179.4,1,13,58.1
2025,2025-05-27,call,09:55,516.82,2.2,OTM1,518,0.9,1.49,68,260.0,166,-100.0,196.7,323.3,245,-100.0,238.9,4,7,22,177,177,210.0,1,13,66.7
2025,2025-05-27,call,09:55,516.82,2.2,OTM2,519,0.57,1.49,68,312.3,166,-5.3,222.8,398.2,245,-100.0,242.1,4,7,21,,,,1,13,70.2
2025,2025-05-27,call,09:55,516.82,2.2,OTM3,520,0.35,1.49,68,351.4,166,-5.7,222.9,448.6,245,-5.7,182.9,4,7,22,,,,1,13,65.7
2025,2025-05-28,put,09:49,521.58,1.82,ATM,522,2.33,1.59,87,23.6,68,-100.0,-9.9,70.0,364,-100.0,50.2,,,,58,58,23.6,1,302,24.5
2025,2025-05-28,put,09:49,521.58,1.82,OTM1,521,1.86,1.59,87,22.6,68,-22.6,-15.1,72.0,364,-52.7,56.5,,,,,,,1,302,22.6
2025,2025-05-28,put,09:49,521.58,1.82,OTM2,520,1.47,1.59,87,21.1,7,-29.9,-21.8,70.7,364,-100.0,44.2,,,,,,,1,302,17.0
2025,2025-05-28,put,09:49,521.58,1.82,OTM3,519,1.15,1.59,87,21.7,7,-37.4,-31.3,63.5,364,-68.7,33.9,,,,,,,1,302,6.1
2025,2025-05-29,put,09:46,522.55,3.79,ATM,523,2.45,0.76,20,131.0,133,-100.0,0.0,131.0,133,-100.0,34.7,18,20,131,116,116,131.0,1,18,31.0
2025,2025-05-29,put,09:46,522.55,3.79,OTM1,522,1.97,0.76,20,153.8,133,-100.0,-11.7,153.8,133,-100.0,19.3,18,20,131,180,180,18.8,1,18,32.5
2025,2025-05-29,put,09:46,522.55,3.79,OTM2,521,1.57,0.76,20,170.7,133,-35.0,-21.7,170.7,133,-53.5,-18.5,18,20,131,,,,1,18,33.1
2025,2025-05-29,put,09:46,522.55,3.79,OTM3,520,1.22,0.76,20,186.9,133,-41.0,-32.8,186.9,133,-73.8,-34.4,18,20,34,,,,1,18,33.6
2025,2025-05-30,put,09:49,517.24,2.31,ATM,517,1.94,1.32,57,173.2,164,-65.5,139.7,173.2,164,-100.0,-97.4,2,158,160,22,,173.2,1,2,36.1
2025,2025-05-30,put,09:49,517.24,2.31,OTM1,516,1.53,1.32,57,194.8,164,-69.3,156.9,194.8,164,-98.7,-98.0,1,158,160,22,,194.8,1,2,39.2
2025,2025-05-30,put,09:49,517.24,2.31,OTM2,515,1.19,1.32,57,220.2,164,-72.3,160.5,220.2,164,-98.3,-98.3,1,158,158,22,,220.2,1,2,41.2
2025,2025-05-30,put,09:49,517.24,2.31,OTM3,514,0.91,1.32,57,241.8,164,-73.6,167.0,241.8,164,-98.9,-98.9,1,158,159,22,,241.8,1,2,45.1
2025,2025-06-02,put,10:00,516.14,4.11,ATM,516,1.87,1.77,43,4.8,0,-93.6,-93.6,4.8,0,-100.0,-99.5,,,,7,33,-30.5,0,,
2025,2025-06-02,put,10:00,516.14,4.11,OTM1,515,1.46,1.77,43,5.5,0,-93.8,-93.2,5.5,0,-100.0,-99.3,,,,7,25,-32.9,0,,
2025,2025-06-03,call,09:57,524.95,2.03,ATM,525,1.4,0.9,44,157.1,173,-34.3,135.0,179.3,206,-100.0,79.3,5,64,140,,,,1,53,19.3
2025,2025-06-03,call,09:57,524.95,2.03,OTM1,526,0.93,0.9,44,184.9,173,-37.6,158.1,208.6,203,-100.0,72.0,5,64,139,,,,1,53,16.1
2025,2025-06-03,call,09:57,524.95,2.03,OTM2,527,0.58,0.9,44,215.5,173,-43.1,169.0,244.8,204,-58.6,19.0,5,65,139,,,,1,53,5.2
2025,2025-06-03,call,09:57,524.95,2.03,OTM3,528,0.34,0.9,44,229.4,158,-50.0,164.7,250.0,204,-88.2,-58.8,5,82,141,37,,229.4,1,53,-5.9
2025,2025-06-04,put,10:03,527.5,1.84,ATM,527,1.2,0.96,52,68.3,4,-75.0,-75.0,68.3,4,-99.2,-98.3,2,4,,31,176,-16.7,1,4,68.3
2025,2025-06-04,put,10:03,527.5,1.84,OTM1,526,0.85,0.96,52,77.6,4,-78.8,-77.6,77.6,4,-100.0,-98.8,2,4,,31,174,-20.0,1,4,77.6
2025,2025-06-04,put,10:03,527.5,1.84,OTM2,525,0.6,0.96,52,83.3,4,-81.7,-81.7,83.3,4,-100.0,-98.3,2,4,,27,163,-23.3,1,4,83.3
2025,2025-06-04,put,10:03,527.5,1.84,OTM3,524,0.43,0.96,52,86.0,4,-100.0,-81.4,86.0,4,-100.0,-97.7,2,4,,26,70,-25.6,1,4,86.0
2025,2025-06-05,put,09:46,528.11,2.51,ATM,528,2.04,0.21,8,19.1,1,-91.7,1.0,162.3,332,-91.7,52.5,,,,42,70,15.7,1,0,17.6
2025,2025-06-05,put,09:46,528.11,2.51,OTM1,527,1.6,0.21,8,21.2,0,-92.5,-5.6,181.2,332,-92.5,41.2,,,,39,59,11.2,1,0,21.2
2025,2025-06-05,put,09:46,528.11,2.51,OTM2,526,1.24,0.21,8,23.4,1,-93.5,-12.1,193.5,332,-93.5,25.0,,,,38,59,4.8,1,0,21.0
2025,2025-06-05,put,09:46,528.11,2.51,OTM3,525,0.94,0.21,8,23.4,0,-100.0,-18.1,208.5,332,-100.0,3.2,,,,38,55,1.1,1,0,23.4
2025,2025-06-06,call,09:46,531.46,2.04,ATM,531,1.84,5.97,292,2.7,0,-88.6,-82.6,2.7,0,-95.7,-95.7,,,,41,93,-14.7,0,,
2025,2025-06-06,call,09:46,531.46,2.04,OTM1,532,1.28,5.97,292,3.1,0,-92.2,-88.3,3.1,0,-98.4,-98.4,,,,35,92,-21.9,0,,
2025,2025-06-06,call,09:46,531.46,2.04,OTM2,533,0.84,5.97,292,3.6,0,-94.0,-92.9,3.6,0,-98.8,-97.6,,,,24,42,-31.0,0,,
2025,2025-06-06,call,09:46,531.46,2.04,OTM3,534,0.53,5.97,292,1.9,0,-100.0,-94.3,1.9,0,-100.0,-98.1,,,,9,42,-20.8,0,,
2025,2025-06-09,call,10:09,530.74,1.54,ATM,531,1.13,0.83,54,76.1,23,-24.8,17.7,76.1,23,-81.4,-71.7,4,21,,,,,1,10,38.9
2025,2025-06-09,call,10:09,530.74,1.54,OTM1,532,0.71,0.83,54,90.1,23,-35.2,7.0,90.1,23,-95.8,-94.4,4,13,,,,,1,10,43.7
2025,2025-06-09,call,10:09,530.74,1.54,OTM2,533,0.41,0.83,54,109.8,23,-46.3,-4.9,109.8,23,-97.6,-97.6,3,11,22,,,,1,10,48.8
2025,2025-06-09,call,10:09,530.74,1.54,OTM3,534,0.23,0.83,54,117.4,23,-100.0,-26.1,117.4,23,-100.0,-95.7,2,11,22,88,88,34.8,1,10,43.5
2025,2025-06-10,call,09:52,532.43,1.63,ATM,532,1.56,1.5,92,3.8,0,-78.2,-10.3,89.1,313,-78.2,23.1,,,,98,100,3.8,1,303,53.8
2025,2025-06-10,call,09:52,532.43,1.63,OTM1,533,1.03,1.5,92,5.8,0,-80.6,-24.3,101.9,313,-85.4,0.0,,,,65,99,-3.9,1,303,47.6
2025,2025-06-10,call,09:52,532.43,1.63,OTM2,534,0.64,1.5,92,4.7,0,-82.8,-42.2,98.4,313,-90.6,-50.0,,,,59,99,-15.6,1,303,34.4
2025,2025-06-10,call,09:52,532.43,1.63,OTM3,535,0.37,1.5,92,5.4,0,-83.8,-54.1,83.8,313,-94.6,-86.5,,,,15,99,-27.0,1,303,5.4
2025,2025-06-11,put,09:46,533.39,1.54,ATM,533,1.48,0.19,12,6.1,0,-85.8,-64.2,117.6,270,-87.8,-42.6,,,,6,38,-12.2,1,154,-12.2
2025,2025-06-11,put,09:46,533.39,1.54,OTM1,532,1.1,0.19,12,4.5,0,-87.3,-70.0,125.5,270,-90.0,-74.5,,,,5,35,-18.2,1,154,-18.2
2025,2025-06-11,put,09:46,533.39,1.54,OTM2,531,0.8,0.19,12,6.2,0,-100.0,-72.5,132.5,270,-100.0,-91.2,,,,5,31,-22.5,1,154,-22.5
2025,2025-06-11,put,09:46,533.39,1.54,OTM3,530,0.57,0.19,12,8.8,0,-100.0,-71.9,173.7,269,-100.0,-94.7,,,,5,29,-22.8,1,154,-22.8
2025,2025-06-12,call,09:49,532.48,1.54,ATM,532,1.76,0.05,3,73.3,73,-100.0,10.8,73.3,73,-100.0,-34.1,47,71,,150,150,56.2,1,0,1.7
2025,2025-06-12,call,09:49,532.48,1.54,OTM1,533,1.2,0.05,3,88.3,73,-40.8,5.8,88.3,73,-80.8,-64.2,33,71,,,,,1,0,2.5
2025,2025-06-12,call,09:49,532.48,1.54,OTM2,534,0.78,0.05,3,100.0,73,-47.4,-9.0,100.0,73,-93.6,-89.7,33,71,73,,,,1,0,2.6
2025,2025-06-12,call,09:49,532.48,1.54,OTM3,535,0.47,0.05,3,108.5,73,-51.1,-23.4,108.5,73,-97.9,-95.7,47,71,72,13,,108.5,1,0,2.1
2025,2025-06-13,put,10:20,527.04,3.01,ATM,527,1.71,,,28.7,7,-91.2,-89.5,28.7,7,-91.2,-42.1,,,,20,61,-26.9,0,,
2025,2025-06-13,put,10:20,527.04,3.01,OTM1,526,1.32,,,28.8,7,-100.0,-90.9,28.8,7,-100.0,-68.9,,,,19,59,-30.3,0,,
2025,2025-06-13,put,10:20,527.04,3.01,OTM2,525,0.97,,,34.0,7,-100.0,-90.7,34.0,7,-100.0,-85.6,7,,,19,54,-32.0,0,,
2025,2025-06-13,put,10:20,527.04,3.01,OTM3,524,0.72,,,36.1,8,-100.0,-100.0,36.1,8,-100.0,-93.1,7,,,18,54,-33.3,0,,
2025,2025-06-16,call,09:45,532.51,2.02,ATM,533,1.01,1.91,95,172.3,99,-35.6,58.4,172.3,99,-100.0,22.8,7,8,14,,,,1,26,109.9
2025,2025-06-16,call,09:45,532.51,2.02,OTM1,534,0.58,1.91,95,232.8,99,-39.7,62.1,232.8,99,-72.4,-31.0,7,7,10,,,,1,26,146.6
2025,2025-06-16,call,09:45,532.51,2.02,OTM2,535,0.31,1.91,95,290.3,99,-41.9,48.4,290.3,99,-93.5,-83.9,7,7,9,,,,1,26,180.6
2025,2025-06-16,call,09:45,532.51,2.02,OTM3,536,0.16,1.91,95,312.5,96,-37.5,12.5,312.5,96,-93.8,-87.5,7,7,8,,,,1,26,200.0
2025,2025-06-17,call,10:11,532.86,1.9,ATM,533,1.08,0.05,3,20.4,4,-78.7,-76.9,20.4,4,-99.1,-99.1,,,,152,163,-44.4,1,0,8.3
2025,2025-06-17,call,10:11,532.86,1.9,OTM1,534,0.62,0.05,3,22.6,4,-83.9,-80.6,22.6,4,-100.0,-98.4,,,,45,157,1.6,1,0,9.7
2025,2025-06-17,call,10:11,532.86,1.9,OTM2,535,0.33,0.05,3,18.2,2,-84.8,-84.8,18.2,2,-100.0,-100.0,,,,23,152,-12.1,1,0,12.1
2025,2025-06-17,call,10:11,532.86,1.9,OTM3,536,0.17,0.05,3,23.5,2,-100.0,-88.2,23.5,2,-100.0,-100.0,,,,23,40,-23.5,1,0,11.8
2025,2025-06-18,call,09:49,530.31,1.64,ATM,530,2.03,0.31,19,68.0,45,-100.0,7.9,68.0,45,-100.0,-94.6,24,30,,83,83,47.8,1,2,10.8
2025,2025-06-18,call,09:49,530.31,1.64,OTM1,531,1.49,0.31,19,83.2,53,-16.8,8.7,83.2,53,-98.7,-98.0,24,30,,,,,1,2,12.8
2025,2025-06-18,call,09:49,530.31,1.64,OTM2,532,1.05,0.31,19,92.4,53,-19.0,9.5,92.4,53,-99.0,-99.0,24,30,,,,,1,2,13.3
2025,2025-06-18,call,09:49,530.31,1.64,OTM3,533,0.69,0.31,19,108.7,53,-18.8,14.5,108.7,53,-98.6,-98.6,23,28,44,,,,1,2,14.5
2025,2025-06-20,put,09:55,531.32,2.17,ATM,531,1.4,1.34,62,336.4,65,-100.0,137.1,336.4,65,-100.0,202.9,10,12,28,77,77,237.9,1,12,52.9
2025,2025-06-20,put,09:55,531.32,2.17,OTM1,530,1.02,1.34,62,411.8,65,-5.9,123.5,411.8,65,-100.0,213.7,4,12,27,,,,1,12,56.9
2025,2025-06-20,put,09:55,531.32,2.17,OTM2,529,0.75,1.34,62,476.0,65,-100.0,120.0,476.0,65,-100.0,190.7,10,12,28,174,174,180.0,1,12,57.3
2025,2025-06-20,put,09:55,531.32,2.17,OTM3,528,0.54,1.34,62,563.0,65,-7.4,94.4,563.0,65,-7.4,118.5,10,12,28,,,,1,12,61.1
2025,2025-06-23,call,09:47,527.45,3.06,ATM,527,1.78,0.77,25,110.7,57,-76.4,-46.1,200.6,280,-100.0,165.2,12,15,31,163,169,-1.1,1,11,21.9
2025,2025-06-23,call,09:47,527.45,3.06,OTM1,528,1.22,0.77,25,137.7,57,-80.3,-54.9,233.6,258,-100.0,218.9,12,12,19,161,167,-8.2,1,11,26.2
2025,2025-06-23,call,09:47,527.45,3.06,OTM2,529,0.78,0.77,25,171.8,57,-84.6,-64.1,303.8,258,-100.0,242.3,12,12,17,157,165,-16.7,1,11,29.5
2025,2025-06-23,call,09:47,527.45,3.06,OTM3,530,0.47,0.77,25,202.1,57,-85.1,-72.3,378.7,258,-85.1,263.8,12,12,17,154,164,-27.7,1,11,29.8
2025,2025-06-24,call,09:47,537.94,1.62,ATM,538,1.22,5.03,311,84.4,176,-53.3,55.7,121.3,318,-53.3,61.5,108,158,,20,,84.4,0,,
2025,2025-06-24,call,09:47,537.94,1.62,OTM1,539,0.75,5.03,311,93.3,176,-57.3,56.0,134.7,318,-57.3,41.3,109,159,,20,,93.3,0,,
2025,2025-06-24,call,09:47,537.94,1.62,OTM2,540,0.42,5.03,311,90.5,176,-64.3,38.1,116.7,318,-64.3,-47.6,158,171,,11,,90.5,0,,
2025,2025-06-24,call,09:47,537.94,1.62,OTM3,541,0.22,5.03,311,68.2,176,-68.2,0.0,68.2,176,-95.5,-90.9,174,174,,10,,68.2,0,,
2025,2025-06-25,put,10:11,541.89,1.37,ATM,542,1.26,0.48,35,79.4,155,-38.1,28.6,114.3,208,-100.0,5.6,54,80,,,,,1,2,26.2
2025,2025-06-25,put,10:11,541.89,1.37,OTM1,541,0.86,0.48,35,81.4,155,-41.9,17.4,122.1,208,-47.7,-41.9,2,80,,,,,1,2,30.2
2025,2025-06-25,put,10:11,541.89,1.37,OTM2,540,0.58,0.48,35,74.1,155,-44.8,1.7,110.3,208,-81.0,-79.3,2,80,,,,,1,2,31.0
2025,2025-06-25,put,10:11,541.89,1.37,OTM3,539,0.4,0.48,35,52.5,80,-45.0,-15.0,82.5,208,-92.5,-92.5,2,80,,,,,1,2,35.0
2025,2025-06-26,put,09:50,541.79,1.71,ATM,542,1.32,0.44,26,13.6,1,-89.4,-87.9,13.6,1,-100.0,-98.5,,,,9,78,-42.4,0,,
2025,2025-06-26,put,09:50,541.79,1.71,OTM1,541,0.9,0.44,26,15.6,0,-88.9,-87.8,15.6,0,-100.0,-98.9,,,,9,40,-43.3,0,,
2025,2025-06-26,put,09:50,541.79,1.71,OTM2,540,0.62,0.44,26,16.1,0,-100.0,-87.1,16.1,0,-100.0,-98.4,,,,8,40,-46.8,0,,
2025,2025-06-26,put,09:50,541.79,1.71,OTM3,539,0.42,0.44,26,19.0,1,-100.0,-100.0,19.0,1,-100.0,-100.0,,,,8,65,-45.2,0,,
2025,2025-06-27,call,09:55,548.35,1.35,ATM,548,1.29,1.43,106,83.7,16,-20.2,13.2,83.7,16,-96.9,-85.3,4,7,,,,,1,13,76.7
2025,2025-06-27,call,09:55,548.35,1.35,OTM1,549,0.76,1.43,106,111.8,16,-27.6,0.0,111.8,16,-98.7,-97.4,4,4,13,,,,1,13,103.9
2025,2025-06-27,call,09:55,548.35,1.35,OTM2,550,0.4,1.43,106,152.5,16,-42.5,-17.5,152.5,16,-100.0,-97.5,4,4,9,,,,1,13,137.5
2025,2025-06-27,call,09:55,548.35,1.35,OTM3,551,0.2,1.43,106,195.0,13,-55.0,-40.0,195.0,13,-100.0,-95.0,1,4,7,166,,-25.0,1,13,195.0
2025,2025-06-30,put,09:49,549.52,1.65,ATM,550,1.67,1.89,114,3.0,1,-69.5,-60.5,3.0,1,-99.4,-99.4,,,,112,,-47.3,0,,
2025,2025-06-30,put,09:49,549.52,1.65,OTM1,549,1.2,1.89,114,4.2,1,-75.0,-67.5,4.2,1,-99.2,-99.2,,,,79,172,-22.5,0,,
2025,2025-06-30,put,09:49,549.52,1.65,OTM2,548,0.84,1.89,114,4.8,1,-78.6,-73.8,4.8,1,-98.8,-98.8,,,,22,138,-20.2,0,,
2025,2025-06-30,put,09:49,549.52,1.65,OTM3,547,0.59,1.89,114,3.4,1,-81.4,-76.3,3.4,1,-100.0,-98.3,,,,21,134,-23.7,0,,
2025,2025-07-01,call,09:50,550.32,1.01,ATM,550,1.42,0.58,58,4.9,0,-93.7,-88.0,4.9,0,-99.3,-99.3,,,,31,49,-37.3,0,,
2025,2025-07-01,call,09:50,550.32,1.01,OTM1,551,0.9,0.58,58,5.6,0,-100.0,-90.0,5.6,0,-100.0,-100.0,,,,19,46,0.0,0,,
2025,2025-07-01,call,09:50,550.32,1.01,OTM2,552,0.51,0.58,58,7.8,0,-100.0,-92.2,7.8,0,-100.0,-100.0,,,,12,43,-3.9,0,,
2025,2025-07-01,call,09:50,550.32,1.01,OTM3,553,0.26,0.58,58,11.5,0,-100.0,-88.5,11.5,0,-100.0,-100.0,,,,12,43,-3.8,0,,
2025,2025-07-02,call,09:45,547.77,1.31,ATM,548,1.18,2.29,175,155.9,80,-100.0,139.0,155.9,80,-100.0,140.7,29,39,51,131,131,145.8,1,61,111.9
2025,2025-07-02,call,09:45,547.77,1.31,OTM1,549,0.75,2.29,175,188.0,80,-100.0,162.7,188.0,80,-100.0,148.0,37,39,50,188,188,162.7,1,61,128.0
2025,2025-07-02,call,09:45,547.77,1.31,OTM2,550,0.43,2.29,175,230.2,80,-32.6,169.8,230.2,80,-32.6,100.0,26,39,44,,,,1,61,146.5
2025,2025-07-02,call,09:45,547.77,1.31,OTM3,551,0.22,2.29,175,277.3,80,-31.8,145.5,277.3,80,-63.6,-13.6,39,39,43,,,,1,61,159.1
2025,2025-07-03,call,09:51,554.64,1.33,ATM,555,0.79,2.64,198,191.1,109,-17.7,55.7,191.1,109,-100.0,-100.0,9,10,19,,,,0,,
2025,2025-07-03,call,09:51,554.64,1.33,OTM1,556,0.41,2.64,198,229.3,110,-65.9,-7.3,229.3,110,-100.0,-100.0,9,10,17,181,,41.5,0,,
2025,2025-07-03,call,09:51,554.64,1.33,OTM2,557,0.2,2.64,198,210.0,109,-90.0,-85.0,210.0,109,-100.0,-100.0,10,12,18,173,178,-40.0,0,,
2025,2025-07-03,call,09:51,554.64,1.33,OTM3,558,0.09,2.64,198,133.3,20,-88.9,-88.9,133.3,20,-100.0,-100.0,10,13,18,153,159,-33.3,0,,
2025,2025-07-07,put,10:56,552.28,1.77,ATM,552,0.99,0.89,50,81.8,85,-67.7,5.1,155.6,213,-74.7,-72.7,84,84,,60,,81.8,1,84,67.7
2025,2025-07-07,put,10:56,552.28,1.77,OTM1,551,0.65,0.89,50,96.9,85,-70.8,4.6,164.6,213,-95.4,-93.8,83,84,,60,,96.9,1,84,81.5
2025,2025-07-07,put,10:56,552.28,1.77,OTM2,550,0.42,0.89,50,114.3,85,-71.4,-2.4,164.3,213,-97.6,-97.6,83,84,85,35,,114.3,1,84,95.2
2025,2025-07-07,put,10:56,552.28,1.77,OTM3,549,0.28,0.89,50,117.9,85,-100.0,0.0,139.3,213,-100.0,-96.4,83,84,84,35,38,117.9,1,84,100.0
2025,2025-07-08,put,09:59,552.11,1.24,ATM,552,1.16,0.15,12,42.2,56,-77.6,-58.6,42.2,56,-93.1,-91.4,26,,,35,146,42.2,1,0,11.2
2025,2025-07-08,put,09:59,552.11,1.24,OTM1,551,0.78,0.15,12,46.2,56,-82.1,-65.4,46.2,56,-98.7,-98.7,53,,,34,143,46.2,1,0,10.3
2025,2025-07-08,put,09:59,552.11,1.24,OTM2,550,0.5,0.15,12,50.0,56,-82.0,-72.0,50.0,56,-100.0,-98.0,26,56,,34,141,50.0,1,0,12.0
2025,2025-07-08,put,09:59,552.11,1.24,OTM3,549,0.33,0.15,12,51.5,56,-100.0,-75.8,51.5,56,-100.0,-97.0,53,56,,34,95,51.5,1,0,9.1
2025,2025-07-09,call,09:45,556.74,2.08,ATM,557,1.0,0.04,2,47.0,14,-92.0,-91.0,47.0,14,-99.0,-98.0,4,,,44,50,-53.0,1,0,18.0
2025,2025-07-09,call,09:45,556.74,2.08,OTM1,558,0.57,0.04,2,57.9,14,-100.0,-91.2,57.9,14,-100.0,-98.2,4,14,,42,50,-40.4,1,0,24.6
2025,2025-07-09,call,09:45,556.74,2.08,OTM2,559,0.29,0.04,2,72.4,14,-100.0,-93.1,72.4,14,-100.0,-96.6,0,4,,41,49,-44.8,1,0,31.0
2025,2025-07-09,call,09:45,556.74,2.08,OTM3,560,0.14,0.04,2,78.6,14,-100.0,-85.7,78.6,14,-100.0,-92.9,0,4,,41,47,-42.9,1,0,42.9
2025,2025-07-10,put,09:45,555.65,1.61,ATM,556,1.33,0.28,18,163.2,20,-100.0,-7.5,163.2,20,-100.0,-47.4,3,7,12,73,73,85.0,1,2,18.0
2025,2025-07-10,put,09:45,555.65,1.61,OTM1,555,0.9,0.28,18,200.0,20,-41.1,-25.6,200.0,20,-94.4,-82.2,3,7,12,,,,1,2,17.8
2025,2025-07-10,put,09:45,555.65,1.61,OTM2,554,0.58,0.28,18,250.0,20,-48.3,-41.4,250.0,20,-98.3,-96.6,3,6,11,,,,1,2,20.7
2025,2025-07-10,put,09:45,555.65,1.61,OTM3,553,0.37,0.28,18,300.0,20,-54.1,-45.9,300.0,20,-100.0,-94.6,3,6,11,130,,21.6,1,2,21.6
2025,2025-07-11,call,09:58,554.35,2.1,ATM,554,1.47,0.67,32,34.7,29,-52.4,13.6,38.1,188,-100.0,-48.3,27,,,76,,29.9,1,23,23.1
2025,2025-07-11,call,09:58,554.35,2.1,OTM1,555,0.95,0.67,32,37.9,29,-61.1,-1.1,37.9,29,-88.4,-82.1,25,,,75,,30.5,1,23,25.3
2025,2025-07-11,call,09:58,554.35,2.1,OTM2,556,0.57,0.67,32,38.6,29,-68.4,-22.8,38.6,29,-96.5,-96.5,27,,,74,,21.1,1,23,24.6
2025,2025-07-11,call,09:58,554.35,2.1,OTM3,557,0.32,0.67,32,31.2,29,-75.0,-46.9,31.2,29,-96.9,-93.8,29,,,54,76,6.3,1,23,18.8
2025,2025-07-14,call,10:21,554.88,2.99,ATM,555,0.94,1.03,34,64.9,154,-55.3,60.6,121.3,194,-100.0,19.1,39,42,,6,,64.9,1,42,56.4
2025,2025-07-14,call,10:21,554.88,2.99,OTM1,556,0.5,1.03,34,74.0,42,-62.0,56.0,136.0,194,-68.0,-48.0,39,41,,6,,74.0,1,42,74.0
2025,2025-07-14,call,10:21,554.88,2.99,OTM2,557,0.23,1.03,34,91.3,42,-60.9,34.8,121.7,176,-91.3,-91.3,39,41,,5,,91.3,1,42,91.3
2025,2025-07-14,call,10:21,554.88,2.99,OTM3,558,0.1,1.03,34,80.0,42,-100.0,-10.0,80.0,42,-100.0,-80.0,39,42,,5,76,80.0,1,42,80.0
2025,2025-07-15,put,10:52,558.3,2.38,ATM,558,1.0,0.26,11,28.0,5,-70.0,-35.0,28.0,5,-92.0,-50.0,,,,30,,19.0,1,1,16.0
2025,2025-07-15,put,10:52,558.3,2.38,OTM1,557,0.65,0.26,11,33.8,5,-72.3,-43.1,33.8,5,-96.9,-90.8,5,,,30,,13.8,1,1,18.5
2025,2025-07-15,put,10:52,558.3,2.38,OTM2,556,0.43,0.26,11,34.9,5,-74.4,-51.2,34.9,5,-100.0,-95.3,5,,,29,,2.3,1,1,16.3
2025,2025-07-15,put,10:52,558.3,2.38,OTM3,555,0.28,0.26,11,39.3,5,-100.0,-53.6,39.3,5,-100.0,-92.9,5,,,29,68,0.0,1,1,21.4
2025,2025-07-16,put,09:49,555.46,2.02,ATM,555,1.07,0.15,8,254.2,107,-72.9,-70.1,254.2,107,-99.1,-98.1,1,17,90,40,,254.2,1,0,28.0
2025,2025-07-16,put,09:49,555.46,2.02,OTM1,554,0.73,0.15,8,312.3,107,-76.7,-76.7,312.3,107,-100.0,-98.6,0,9,90,40,188,312.3,1,0,31.5
2025,2025-07-16,put,09:49,555.46,2.02,OTM2,553,0.49,0.15,8,379.6,107,-79.6,-75.5,379.6,107,-100.0,-98.0,0,4,90,40,182,379.6,1,0,32.7
2025,2025-07-16,put,09:49,555.46,2.02,OTM3,552,0.34,0.15,8,438.2,107,-79.4,-76.5,438.2,107,-100.0,-94.1,1,5,90,39,181,438.2,1,0,29.4
2025,2025-07-17,call,09:48,558.71,1.48,ATM,559,1.03,0.83,56,220.4,156,-100.0,-100.0,223.3,249,-100.0,168.0,4,12,73,173,173,200.0,1,12,57.3
2025,2025-07-17,call,09:48,558.71,1.48,OTM1,560,0.61,0.83,56,298.4,156,-27.9,216.4,298.4,156,-100.0,200.0,4,12,71,,,,1,12,68.9
2025,2025-07-17,call,09:48,558.71,1.48,OTM2,561,0.32,0.83,56,396.9,157,-34.4,281.2,396.9,157,-34.4,190.6,3,12,60,,,,1,12,84.4
2025,2025-07-17,call,09:48,558.71,1.48,OTM3,562,0.15,0.83,56,506.7,157,-33.3,286.7,506.7,157,-33.3,120.0,3,6,12,,,,1,12,100.0
2025,2025-07-18,put,09:57,562.02,1.22,ATM,562,1.09,0.99,81,98.2,158,-100.0,67.9,98.2,158,-100.0,-22.9,17,18,,172,172,80.7,1,18,54.1
2025,2025-07-18,put,09:57,562.02,1.22,OTM1,561,0.7,0.99,81,105.7,28,-48.6,58.6,105.7,28,-75.7,-72.9,17,18,28,,,,1,18,57.1
2025,2025-07-18,put,09:57,562.02,1.22,OTM2,560,0.44,0.99,81,115.9,28,-50.0,47.7,115.9,28,-90.9,-88.6,17,18,28,113,,93.2,1,18,59.1
2025,2025-07-18,put,09:57,562.02,1.22,OTM3,559,0.29,0.99,81,113.8,28,-55.2,24.1,113.8,28,-89.7,-89.7,17,18,28,111,,72.4,1,18,55.2
2025,2025-07-21,call,09:45,564.7,2.18,ATM,565,0.83,0.17,8,80.7,47,-53.0,18.1,80.7,47,-97.6,-97.6,0,14,,157,,21.7,1,0,30.1
2025,2025-07-21,call,09:45,564.7,2.18,OTM1,566,0.44,0.17,8,84.1,47,-75.0,-22.7,84.1,47,-97.7,-95.5,0,10,,131,157,-13.6,1,0,34.1
2025,2025-07-21,call,09:45,564.7,2.18,OTM2,567,0.21,0.17,8,71.4,15,-81.0,-71.4,71.4,15,-100.0,-95.2,0,10,,81,132,-28.6,1,0,38.1
2025,2025-07-21,call,09:45,564.7,2.18,OTM3,568,0.1,0.17,8,70.0,15,-100.0,-70.0,70.0,15,-100.0,-100.0,0,14,,81,94,-10.0,1,0,40.0
2025,2025-07-22,put,09:45,562.1,2.17,ATM,562,1.13,1.96,90,231.9,8,-8.8,23.9,231.9,8,-100.0,-49.6,1,3,5,,,,1,6,136.3
2025,2025-07-22,put,09:45,562.1,2.17,OTM1,561,0.76,1.96,90,298.7,8,-21.1,2.6,298.7,8,-92.1,-84.2,0,3,5,,,,1,6,167.1
2025,2025-07-22,put,09:45,562.1,2.17,OTM2,560,0.51,1.96,90,368.6,8,-33.3,-21.6,368.6,8,-98.0,-94.1,0,3,5,,,,1,6,196.1
2025,2025-07-22,put,09:45,562.1,2.17,OTM3,559,0.33,1.96,90,466.7,8,-42.4,-39.4,466.7,8,-97.0,-97.0,0,1,4,,,,1,6,233.3
2025,2025-07-23,put,09:45,560.04,1.92,ATM,560,1.54,1.61,84,7.1,27,-83.8,-67.5,7.1,27,-92.9,-88.3,,,,74,128,-33.8,0,,
2025,2025-07-23,put,09:45,560.04,1.92,OTM1,559,1.14,1.61,84,3.5,27,-86.0,-73.7,3.5,27,-100.0,-91.2,,,,68,127,-42.1,0,,
2025,2025-07-23,put,09:45,560.04,1.92,OTM2,558,0.82,1.61,84,2.4,0,-87.8,-79.3,2.4,0,-100.0,-91.5,,,,64,125,-47.6,0,,
2025,2025-07-23,put,09:45,560.04,1.92,OTM3,557,0.6,1.61,84,3.3,0,-100.0,-80.0,3.3,0,-100.0,-91.7,,,,43,75,-20.0,0,,
2025,2025-07-24,call,09:48,565.71,1.83,ATM,566,1.0,0.81,44,2.0,0,-80.0,-75.0,2.0,0,-93.0,-93.0,,,,11,156,-38.0,0,,
2025,2025-07-24,call,09:48,565.71,1.83,OTM1,567,0.59,0.81,44,1.7,0,-88.1,-86.4,1.7,0,-98.3,-96.6,,,,5,23,-40.7,0,,
2025,2025-07-24,call,09:48,565.71,1.83,OTM2,568,0.31,0.81,44,3.2,0,-100.0,-87.1,3.2,0,-100.0,-96.8,,,,5,23,-45.2,0,,
2025,2025-07-24,call,09:48,565.71,1.83,OTM3,569,0.16,0.81,44,0.0,0,-100.0,-100.0,0.0,0,-100.0,-93.8,,,,4,20,-43.8,0,,
2025,2025-07-25,call,09:49,565.54,1.11,ATM,566,0.72,0.79,71,159.7,161,-15.3,81.9,159.7,161,-70.8,-61.1,5,140,153,,,,1,93,30.6
2025,2025-07-25,call,09:49,565.54,1.11,OTM1,567,0.36,0.79,71,197.2,161,-30.6,66.7,197.2,161,-97.2,-97.2,5,22,153,,,,1,93,16.7
2025,2025-07-25,call,09:49,565.54,1.11,OTM2,568,0.16,0.79,71,206.2,161,-50.0,18.8,206.2,161,-93.8,-93.8,5,153,155,107,,206.2,1,93,-6.3
2025,2025-07-25,call,09:49,565.54,1.11,OTM3,569,0.07,0.79,71,157.1,161,-100.0,-28.6,157.1,161,-100.0,-85.7,11,60,157,63,63,157.1,1,93,-28.6
2025,2025-07-28,call,09:45,568.7,0.97,ATM,569,0.81,0.82,85,13.6,14,-77.8,-74.1,13.6,14,-98.8,-98.8,,,,35,94,-13.6,0,,
2025,2025-07-28,call,09:45,568.7,0.97,OTM1,570,0.43,0.82,85,11.6,14,-86.0,-86.0,11.6,14,-100.0,-97.7,,,,35,92,-27.9,0,,
2025,2025-07-28,call,09:45,568.7,0.97,OTM2,571,0.19,0.82,85,15.8,0,-100.0,-84.2,15.8,0,-100.0,-89.5,,,,35,92,-36.8,0,,
2025,2025-07-28,call,09:45,568.7,0.97,OTM3,572,0.08,0.82,85,25.0,0,-100.0,-75.0,25.0,0,-100.0,-100.0,,,,33,76,-37.5,0,,
2025,2025-07-29,put,09:49,570.62,1.4,ATM,571,1.15,0.36,26,251.3,113,-100.0,120.9,282.6,348,-100.0,238.3,0,37,63,135,135,234.8,1,0,47.0
2025,2025-07-29,put,09:49,570.62,1.4,OTM1,570,0.71,0.36,26,345.1,113,-11.3,119.7,384.5,349,-100.0,308.5,0,0,63,,,,1,0,57.7
2025,2025-07-29,put,09:49,570.62,1.4,OTM2,569,0.43,0.36,26,439.5,113,-16.3,102.3,462.8,349,-16.3,341.9,0,0,63,,,,1,0,65.1
2025,2025-07-29,put,09:49,570.62,1.4,OTM3,568,0.27,0.36,26,488.9,113,-22.2,59.3,488.9,113,-25.9,222.2,0,0,63,,,,1,0,63.0
2025,2025-07-30,call,09:45,568.92,1.42,ATM,569,1.64,0.4,28,13.4,157,-100.0,3.7,39.0,290,-100.0,-72.6,,,,93,93,13.4,1,65,3.7
2025,2025-07-30,call,09:45,568.92,1.42,OTM1,570,1.14,0.4,28,14.9,154,-100.0,3.5,41.2,290,-100.0,-79.8,,,,93,93,14.9,1,65,1.8
2025,2025-07-30,call,09:45,568.92,1.42,OTM2,571,0.74,0.4,28,18.9,154,-100.0,1.4,41.9,290,-100.0,-83.8,,,,93,93,18.9,1,65,1.4
2025,2025-07-30,call,09:45,568.92,1.42,OTM3,572,0.48,0.4,28,16.7,154,-100.0,2.1,37.5,254,-100.0,-89.6,,,,93,93,16.7,1,65,-4.2
2025,2025-07-31,put,09:45,571.41,3.17,ATM,571,1.62,0.47,15,111.7,91,-56.2,16.7,332.1,368,-100.0,307.4,66,73,89,11,,111.7,1,59,1.9
2025,2025-07-31,put,09:45,571.41,3.17,OTM1,570,1.22,0.47,15,127.9,90,-58.2,13.9,419.7,270,-58.2,363.9,66,73,89,8,,127.9,1,59,0.0
2025,2025-07-31,put,09:45,571.41,3.17,OTM2,569,0.93,0.47,15,134.4,90,-60.2,8.6,487.1,270,-60.2,443.0,72,73,89,7,,134.4,1,59,-4.3
2025,2025-07-31,put,09:45,571.41,3.17,OTM3,568,0.68,0.47,15,147.1,90,-61.8,5.9,583.8,270,-61.8,507.4,72,73,88,7,,147.1,1,59,-5.9
2025,2025-08-01,put,09:45,554.3,4.26,ATM,554,2.42,3.82,90,50.0,17,-88.8,-39.7,50.0,17,-93.4,-86.8,14,17,,38,117,-30.2,0,,
2025,2025-08-01,put,09:45,554.3,4.26,OTM1,553,1.98,3.82,90,52.5,17,-91.4,-47.0,52.5,17,-97.5,-94.9,14,15,,32,114,-35.9,0,,
2025,2025-08-01,put,09:45,554.3,4.26,OTM2,552,1.6,3.82,90,54.4,17,-100.0,-53.8,54.4,17,-100.0,-96.9,14,15,,31,47,-39.4,0,,
2025,2025-08-01,put,09:45,554.3,4.26,OTM3,551,1.3,3.82,90,75.4,14,-100.0,-60.8,75.4,14,-100.0,-97.7,14,14,,30,46,-43.8,0,,
2025,2025-08-04,call,09:45,561.96,2.58,ATM,562,1.46,0.24,9,37.0,13,-43.2,21.9,47.9,368,-100.0,34.9,13,,,,,,1,1,12.3
2025,2025-08-04,call,09:45,561.96,2.58,OTM1,563,0.97,0.24,9,47.4,134,-53.6,9.3,47.4,134,-53.6,17.5,13,,,75,,47.4,1,1,13.4
2025,2025-08-04,call,09:45,561.96,2.58,OTM2,564,0.6,0.24,9,45.0,13,-63.3,-11.7,45.0,13,-63.3,-13.3,13,,,69,,6.7,1,1,15.0
2025,2025-08-04,call,09:45,561.96,2.58,OTM3,565,0.36,0.24,9,38.9,13,-100.0,-38.9,38.9,13,-100.0,-55.6,13,,,59,123,-16.7,1,1,13.9
2025,2025-08-05,call,09:45,566.16,1.42,ATM,566,1.44,1.7,119,12.5,2,-100.0,-100.0,12.5,2,-100.0,-100.0,,,,20,41,-32.6,0,,
2025,2025-08-05,call,09:45,566.16,1.42,OTM1,567,0.93,1.7,119,14.0,2,-100.0,-100.0,14.0,2,-100.0,-98.9,,,,14,36,-26.9,0,,
2025,2025-08-05,call,09:45,566.16,1.42,OTM2,568,0.56,1.7,119,14.3,2,-100.0,-96.4,14.3,2,-100.0,-98.2,,,,14,32,-30.4,0,,
2025,2025-08-05,call,09:45,566.16,1.42,OTM3,569,0.31,1.7,119,16.1,2,-100.0,-96.8,16.1,2,-100.0,-96.8,,,,14,32,-35.5,0,,
2025,2025-08-06,call,09:48,562.71,1.92,ATM,563,1.27,0.43,23,179.5,167,-56.7,159.8,274.8,344,-100.0,212.6,16,87,102,34,,179.5,1,13,14.2
2025,2025-08-06,call,09:48,562.71,1.92,OTM1,564,0.8,0.43,23,230.0,168,-62.5,198.8,377.5,344,-100.0,270.0,16,17,98,33,,230.0,1,13,15.0
2025,2025-08-06,call,09:48,562.71,1.92,OTM2,565,0.45,0.43,23,293.3,168,-66.7,266.7,526.7,343,-100.0,351.1,16,17,93,3,,293.3,1,13,20.0
2025,2025-08-06,call,09:48,562.71,1.92,OTM3,566,0.23,0.43,23,360.9,136,-65.2,304.3,691.3,344,-65.2,378.3,15,16,93,32,,360.9,1,13,17.4
2025,2025-08-07,put,09:45,571.16,1.55,ATM,571,1.41,1.55,100,219.1,180,-56.0,83.7,308.5,279,-100.0,100.0,45,78,137,14,,219.1,1,78,56.0
2025,2025-08-07,put,09:45,571.16,1.55,OTM1,570,1.04,1.55,100,248.1,180,-57.7,76.0,371.2,273,-100.0,68.3,39,70,137,11,,248.1,1,78,55.8
2025,2025-08-07,put,09:45,571.16,1.55,OTM2,569,0.76,1.55,100,269.7,180,-57.9,64.5,413.2,277,-100.0,19.7,39,70,137,11,,269.7,1,78,53.9
2025,2025-08-07,put,09:45,571.16,1.55,OTM3,568,0.56,1.55,100,278.6,180,-57.1,48.2,433.9,273,-60.7,-42.9,39,78,174,14,,278.6,1,78,51.8
2025,2025-08-08,call,09:45,572.47,1.98,ATM,572,1.61,1.26,64,65.2,48,-29.2,18.6,76.4,260,-100.0,45.3,23,45,,,,,1,41,45.3
2025,2025-08-08,call,09:45,572.47,1.98,OTM1,573,1.06,1.26,64,77.4,48,-40.6,6.6,82.1,262,-40.6,30.2,23,41,,,,,1,41,50.0
2025,2025-08-08,call,09:45,572.47,1.98,OTM2,574,0.66,1.26,64,81.8,48,-54.5,-18.2,81.8,48,-65.2,-30.3,24,45,,112,,51.5,1,41,47.0
2025,2025-08-08,call,09:45,572.47,1.98,OTM3,575,0.37,1.26,64,86.5,47,-67.6,-48.6,86.5,47,-86.5,-81.1,24,45,,109,,29.7,1,41,43.2
2025,2025-08-11,call,09:58,575.28,1.41,ATM,575,1.26,1.03,73,62.7,132,-46.0,-34.9,62.7,132,-99.2,-99.2,129,130,,,,,1,129,39.7
2025,2025-08-11,call,09:58,575.28,1.41,OTM1,576,0.75,1.03,73,69.3,132,-58.7,-54.7,69.3,132,-98.7,-98.7,129,130,,99,,69.3,1,129,37.3
2025,2025-08-11,call,09:58,575.28,1.41,OTM2,577,0.4,1.03,73,67.5,132,-75.0,-72.5,67.5,132,-100.0,-97.5,130,131,,65,181,67.5,1,129,25.0
2025,2025-08-11,call,09:58,575.28,1.41,OTM3,578,0.2,1.03,73,50.0,131,-75.0,-75.0,50.0,131,-100.0,-95.0,130,,,49,101,50.0,1,129,5.0
2025,2025-08-12,put,09:48,574.5,2.32,ATM,574,1.4,0.32,14,78.6,12,-100.0,-95.7,78.6,12,-100.0,-99.3,1,11,,32,72,-40.0,1,0,20.7
2025,2025-08-12,put,09:48,574.5,2.32,OTM1,573,1.05,0.32,14,87.6,12,-100.0,-94.3,87.6,12,-100.0,-99.0,1,11,,32,69,-43.8,1,0,23.8
2025,2025-08-12,put,09:48,574.5,2.32,OTM2,572,0.8,0.32,14,90.0,12,-100.0,-95.0,90.0,12,-100.0,-100.0,1,11,,26,63,-30.0,1,0,23.7
2025,2025-08-12,put,09:48,574.5,2.32,OTM3,571,0.6,0.32,14,93.3,12,-100.0,-100.0,93.3,12,-100.0,-98.3,1,11,,26,61,-35.0,1,0,26.7
2025,2025-08-13,put,09:55,582.05,0.93,ATM,582,1.1,3.25,349,181.8,174,-100.0,145.5,181.8,174,-100.0,36.4,8,8,51,133,133,181.8,0,,
2025,2025-08-13,put,09:55,582.05,0.93,OTM1,581,0.75,3.25,349,197.3,80,-100.0,137.3,197.3,80,-100.0,-12.0,15,29,51,138,138,193.3,0,,
2025,2025-08-13,put,09:55,582.05,0.93,OTM2,580,0.51,3.25,349,205.9,80,-15.7,105.9,205.9,80,-78.4,-74.5,15,29,51,,,,0,,
2025,2025-08-13,put,09:55,582.05,0.93,OTM3,579,0.35,3.25,349,197.1,80,-14.3,62.9,197.1,80,-94.3,-94.3,15,29,51,,,,0,,
2025,2025-08-14,call,09:47,580.08,2.0,ATM,580,1.49,0.56,28,58.4,59,-69.8,-21.5,58.4,59,-80.5,-55.7,44,59,,97,,-20.8,1,3,20.1
2025,2025-08-14,call,09:47,580.08,2.0,OTM1,581,0.99,0.56,28,61.6,59,-79.8,-39.4,61.6,59,-93.9,-90.9,4,59,,95,112,-36.4,1,3,22.2
2025,2025-08-14,call,09:47,580.08,2.0,OTM2,582,0.61,0.56,28,60.7,59,-86.9,-59.0,60.7,59,-98.4,-98.4,4,59,,92,98,-50.8,1,3,26.2
2025,2025-08-14,call,09:47,580.08,2.0,OTM3,583,0.35,0.56,28,48.6,59,-100.0,-74.3,48.6,59,-100.0,-97.1,4,,,21,97,48.6,1,3,25.7
2025,2025-08-15,put,09:45,577.5,1.84,ATM,578,1.7,1.62,88,58.2,118,-55.3,-35.3,58.2,118,-68.8,-40.6,3,118,,28,,58.2,1,117,44.7
2025,2025-08-15,put,09:45,577.5,1.84,OTM1,577,1.25,1.62,88,56.8,118,-59.2,-50.4,56.8,118,-86.4,-75.2,3,118,,27,,56.8,1,117,40.8
2025,2025-08-15,put,09:45,577.5,1.84,OTM2,576,0.91,1.62,88,49.5,118,-68.1,-61.5,49.5,118,-93.4,-90.1,3,,,23,,49.5,1,117,31.9
2025,2025-08-15,put,09:45,577.5,1.84,OTM3,575,0.66,1.62,88,43.9,7,-74.2,-69.7,43.9,7,-100.0,-95.5,3,,,23,,39.4,1,117,21.2
2025,2025-08-18,put,09:51,576.04,1.19,ATM,576,1.2,0.9,75,19.2,55,-65.8,-35.8,19.2,55,-99.2,-99.2,,,,30,,19.2,0,,
2025,2025-08-18,put,09:51,576.04,1.19,OTM1,575,0.82,0.9,75,15.9,6,-74.4,-52.4,15.9,6,-98.8,-98.8,,,,29,,13.4,0,,
2025,2025-08-18,put,09:51,576.04,1.19,OTM2,574,0.56,0.9,75,14.3,6,-80.4,-62.5,14.3,6,-100.0,-98.2,,,,13,140,7.1,0,,
2025,2025-08-18,put,09:51,576.04,1.19,OTM3,573,0.37,0.9,75,10.8,6,-83.8,-70.3,10.8,6,-100.0,-97.3,,,,12,33,0.0,0,,
2025,2025-08-19,put,09:46,573.8,2.63,ATM,574,1.32,0.76,29,256.1,189,-100.0,231.1,334.1,320,-100.0,289.4,44,52,57,17,110,256.1,1,41,22.7
2025,2025-08-19,put,09:46,573.8,2.63,OTM1,573,0.89,0.76,29,314.6,191,-100.0,-100.0,428.1,320,-100.0,371.9,44,50,57,17,106,314.6,1,41,22.5
2025,2025-08-19,put,09:46,573.8,2.63,OTM2,572,0.6,0.76,29,361.7,190,-68.3,320.0,533.3,320,-100.0,435.0,44,50,56,17,,361.7,1,41,16.7
2025,2025-08-19,put,09:46,573.8,2.63,OTM3,571,0.4,0.76,29,387.5,190,-72.5,320.0,592.5,319,-100.0,452.5,44,51,56,14,,387.5,1,41,12.5
2025,2025-08-20,put,09:45,565.38,2.66,ATM,565,1.59,2.24,84,296.9,71,-100.0,13.2,296.9,71,-100.0,-96.9,3,4,7,70,70,296.9,1,5,89.9
2025,2025-08-20,put,09:45,565.38,2.66,OTM1,564,1.2,2.24,84,346.7,67,-40.0,1.7,346.7,67,-99.2,-98.3,3,4,5,,,,1,5,105.0
2025,2025-08-20,put,09:45,565.38,2.66,OTM2,563,0.92,2.24,84,389.1,67,-47.8,-12.0,389.1,67,-98.9,-98.9,3,4,5,,,,1,5,112.0
2025,2025-08-20,put,09:45,565.38,2.66,OTM3,562,0.67,2.24,84,446.3,67,-52.2,-20.9,446.3,67,-98.5,-98.5,1,4,5,163,,6.0,1,5,129.9
2025,2025-08-21,put,09:46,562.46,2.19,ATM,562,1.84,2.11,96,10.9,13,-80.4,-34.2,10.9,13,-98.9,-98.9,,,,17,37,-21.7,0,,
2025,2025-08-21,put,09:46,562.46,2.19,OTM1,561,1.43,2.11,96,11.9,13,-82.5,-42.7,11.9,13,-99.3,-99.3,,,,16,36,-29.4,0,,
2025,2025-08-21,put,09:46,562.46,2.19,OTM2,560,1.11,2.11,96,11.7,13,-84.7,-50.5,11.7,13,-99.1,-99.1,,,,15,34,-37.8,0,,
2025,2025-08-21,put,09:46,562.46,2.19,OTM3,559,0.87,2.11,96,11.5,13,-100.0,-58.6,11.5,13,-100.0,-98.9,,,,2,30,11.5,0,,
2025,2025-08-22,call,09:45,566.31,2.8,ATM,566,3.14,2.74,98,156.7,85,-100.0,74.2,156.7,85,-100.0,88.5,14,14,22,59,59,156.7,1,14,56.1
2025,2025-08-22,call,09:45,566.31,2.8,OTM1,567,2.56,2.74,98,175.8,78,-100.0,79.7,175.8,78,-100.0,96.5,14,14,15,75,75,175.8,1,14,71.9
2025,2025-08-22,call,09:45,566.31,2.8,OTM2,568,2.05,2.74,98,200.0,78,-100.0,75.6,200.0,78,-100.0,93.7,14,14,15,83,83,197.6,1,14,78.0
2025,2025-08-22,call,09:45,566.31,2.8,OTM3,569,1.62,2.74,98,221.0,30,-100.0,67.9,221.0,30,-100.0,-100.0,14,14,15,120,120,172.8,1,14,85.2
2025,2025-08-25,call,09:59,570.93,1.75,ATM,571,1.18,5.3,303,110.2,113,-14.4,54.2,110.2,113,-66.9,-66.9,8,49,112,,,,0,,
2025,2025-08-25,call,09:59,570.93,1.75,OTM1,572,0.7,5.3,303,134.3,113,-15.7,47.1,134.3,113,-94.3,-94.3,5,16,82,,,,0,,
2025,2025-08-25,call,09:59,570.93,1.75,OTM2,573,0.4,5.3,303,135.0,113,-20.0,7.5,135.0,113,-97.5,-97.5,0,49,91,,,,0,,
2025,2025-08-25,call,09:59,570.93,1.75,OTM3,574,0.21,5.3,303,109.5,113,-38.1,-38.1,109.5,113,-100.0,-95.2,0,65,113,,,,0,,
2025,2025-08-26,put,09:46,569.53,1.32,ATM,570,1.51,0.89,67,39.7,2,-85.4,-84.8,39.7,2,-99.3,-99.3,2,,,23,134,-29.8,0,,
2025,2025-08-26,put,09:46,569.53,1.32,OTM1,569,1.05,0.89,67,49.5,2,-88.6,-87.6,49.5,2,-100.0,-99.0,1,,,17,58,-32.4,0,,
2025,2025-08-26,put,09:46,569.53,1.32,OTM2,568,0.74,0.89,67,55.4,2,-100.0,-89.2,55.4,2,-100.0,-98.6,1,2,,17,44,-36.5,0,,
2025,2025-08-26,put,09:46,569.53,1.32,OTM3,567,0.51,0.89,67,60.8,2,-100.0,-88.2,60.8,2,-100.0,-98.0,1,2,,16,44,-39.2,0,,
2025,2025-08-27,put,09:45,570.66,1.24,ATM,571,2.39,0.65,52,7.1,3,-68.6,-57.3,7.1,3,-100.0,-56.9,,,,33,,-33.5,0,,
2025,2025-08-27,put,09:45,570.66,1.24,OTM1,570,1.95,0.65,52,6.7,3,-71.8,-60.5,6.7,3,-78.5,-59.0,,,,33,,-37.9,0,,
2025,2025-08-27,put,09:45,570.66,1.24,OTM2,569,1.56,0.65,52,7.1,3,-100.0,-64.1,7.1,3,-100.0,-60.9,,,,30,141,-41.0,0,,
2025,2025-08-27,put,09:45,570.66,1.24,OTM3,568,1.24,0.65,52,7.3,3,-75.8,-66.1,7.3,3,-100.0,-62.9,,,,29,127,-44.4,0,,
2025,2025-08-28,put,09:50,573.59,2.68,ATM,574,1.87,0.34,13,35.3,5,-90.4,-84.5,35.3,5,-100.0,-99.5,5,,,48,65,-49.7,1,1,20.3
2025,2025-08-28,put,09:50,573.59,2.68,OTM1,573,1.4,0.34,13,40.0,5,-91.4,-87.1,40.0,5,-100.0,-99.3,5,,,42,57,-35.7,1,1,24.3
2025,2025-08-28,put,09:50,573.59,2.68,OTM2,572,1.04,0.34,13,43.3,6,-100.0,-89.4,43.3,6,-100.0,-99.0,5,,,24,56,-25.0,1,1,26.9
2025,2025-08-28,put,09:50,573.59,2.68,OTM3,571,0.76,0.34,13,47.4,5,-100.0,-88.2,47.4,5,-100.0,-98.7,1,,,17,52,-28.9,1,1,30.3
2025,2025-08-29,put,09:45,572.57,1.91,ATM,573,1.8,2.35,123,136.1,72,-100.0,75.0,150.0,211,-100.0,96.7,4,11,20,78,78,118.9,1,19,92.2
2025,2025-08-29,put,09:45,572.57,1.91,OTM1,572,1.33,2.35,123,157.1,29,-100.0,72.2,163.2,210,-100.0,95.5,4,10,19,158,158,88.7,1,19,106.8
2025,2025-08-29,put,09:45,572.57,1.91,OTM2,571,0.98,2.35,123,180.6,29,-13.3,61.2,180.6,29,-100.0,63.3,1,10,19,,,,1,19,119.4
2025,2025-08-29,put,09:45,572.57,1.91,OTM3,570,0.72,2.35,123,201.4,29,-15.3,41.7,201.4,29,-66.7,2.8,1,4,19,,,,1,19,127.8
2025,2025-09-02,call,09:46,563.32,3.63,ATM,563,2.12,1.43,39,66.0,13,-85.4,-72.2,66.0,13,-85.4,32.5,4,8,,79,108,-43.9,1,4,41.5
2025,2025-09-02,call,09:46,563.32,3.63,OTM1,564,1.62,1.43,39,155.6,12,-88.9,-80.2,155.6,12,-88.9,17.3,4,7,12,63,104,-33.3,1,4,46.3
2025,2025-09-02,call,09:46,563.32,3.63,OTM2,565,1.19,1.43,39,184.0,12,-91.6,-86.6,184.0,12,-92.4,-21.8,3,4,12,61,91,-41.2,1,4,52.1
2025,2025-09-02,call,09:46,563.32,3.63,OTM3,566,0.86,1.43,39,84.9,13,-100.0,-89.5,84.9,13,-100.0,-73.3,3,4,,60,88,-48.8,1,4,57.0
2025,2025-09-03,call,10:07,570.1,1.57,ATM,570,1.24,4.13,263,75.0,43,-75.0,-64.5,75.0,43,-99.2,-91.1,32,35,,5,166,75.0,0,,
2025,2025-09-03,call,10:07,570.1,1.57,OTM1,571,0.74,4.13,263,93.2,43,-82.4,-77.0,93.2,43,-100.0,-98.6,32,35,,4,152,93.2,0,,
2025,2025-09-03,call,10:07,570.1,1.57,OTM2,572,0.39,4.13,263,110.3,41,-89.7,-84.6,110.3,41,-100.0,-97.4,32,35,40,4,109,110.3,0,,
2025,2025-09-03,call,10:07,570.1,1.57,OTM3,573,0.17,4.13,263,135.3,41,-100.0,-100.0,135.3,41,-100.0,-94.1,29,33,35,5,101,135.3,0,,
2025,2025-09-04,put,10:02,570.13,2.16,ATM,570,1.43,0.18,8,42.0,14,-79.0,-75.5,42.0,14,-99.3,-99.3,2,,,34,165,-37.8,1,0,18.2
2025,2025-09-04,put,10:02,570.13,2.16,OTM1,569,1.06,0.18,8,43.4,14,-81.1,-78.3,43.4,14,-100.0,-98.1,2,,,33,164,-41.5,1,0,17.0
2025,2025-09-04,put,10:02,570.13,2.16,OTM2,568,0.76,0.18,8,47.4,14,-81.6,-77.6,47.4,14,-100.0,-98.7,1,,,28,114,-39.5,1,0,19.7
2025,2025-09-04,put,10:02,570.13,2.16,OTM3,567,0.55,0.18,8,49.1,14,-100.0,-80.0,49.1,14,-100.0,-98.2,1,,,28,114,-43.6,1,0,20.0
2025,2025-09-05,put,10:01,579.01,1.92,ATM,579,1.43,1.48,77,424.5,68,-100.0,182.5,424.5,68,-100.0,145.5,8,12,16,66,66,424.5,1,13,69.2
2025,2025-09-05,put,10:01,579.01,1.92,OTM1,578,1.04,1.48,77,528.8,68,-100.0,213.5,528.8,68,-100.0,125.0,8,12,15,156,156,284.6,1,13,76.0
2025,2025-09-05,put,10:01,579.01,1.92,OTM2,577,0.76,1.48,77,623.7,68,-100.0,218.4,623.7,68,-100.0,85.5,8,12,14,97,97,360.5,1,13,77.6
2025,2025-09-05,put,10:01,579.01,1.92,OTM3,576,0.55,1.48,77,770.9,68,-25.5,185.5,770.9,68,-100.0,7.3,8,12,14,,,,1,13,78.2
2025,2025-09-08,call,09:49,579.9,1.83,ATM,580,1.02,0.88,48,36.3,52,-76.5,-69.6,36.3,52,-99.0,-99.0,5,,,31,176,36.3,1,52,36.3
2025,2025-09-08,call,09:49,579.9,1.83,OTM1,581,0.57,0.88,48,38.6,6,-84.2,-82.5,38.6,6,-98.2,-98.2,5,,,29,162,36.8,1,52,36.8
2025,2025-09-08,call,09:49,579.9,1.83,OTM2,582,0.29,0.88,48,37.9,6,-86.2,-82.8,37.9,6,-100.0,-96.6,5,,,28,146,27.6,1,52,27.6
2025,2025-09-08,call,09:49,579.9,1.83,OTM3,583,0.12,0.88,48,58.3,6,-100.0,-83.3,58.3,6,-100.0,-91.7,1,5,,30,97,25.0,1,52,25.0
2025,2025-09-09,put,09:51,579.05,0.97,ATM,579,1.25,0.09,9,87.2,51,-64.0,-61.6,87.2,51,-99.2,-99.2,42,43,,141,,-28.8,1,2,4.8
2025,2025-09-09,put,09:51,579.05,0.97,OTM1,578,0.88,0.09,9,89.8,51,-75.0,-72.7,89.8,51,-98.9,-98.9,42,43,,122,185,-29.5,1,2,4.5
2025,2025-09-09,put,09:51,579.05,0.97,OTM2,577,0.6,0.09,9,96.7,51,-80.0,-80.0,96.7,51,-100.0,-98.3,8,43,,120,143,-41.7,1,2,6.7
2025,2025-09-09,put,09:51,579.05,0.97,OTM3,576,0.42,0.09,9,90.5,51,-83.3,-83.3,90.5,51,-100.0,-97.6,8,43,,18,138,90.5,1,2,2.4
2025,2025-09-10,put,09:51,581.66,1.99,ATM,582,1.39,1.78,90,7.9,3,-68.3,-51.1,146.8,329,-68.3,-15.1,,,,11,,-13.7,1,299,58.3
2025,2025-09-10,put,09:51,581.66,1.99,OTM1,581,0.97,1.78,90,8.2,3,-73.2,-63.9,157.7,329,-73.2,-60.8,,,,11,,-27.8,1,299,37.1
2025,2025-09-10,put,09:51,581.66,1.99,OTM2,580,0.66,1.78,90,7.6,3,-77.3,-71.2,143.9,329,-92.4,-92.4,,,,11,119,-37.9,1,299,3.0
2025,2025-09-10,put,09:51,581.66,1.99,OTM3,579,0.47,1.78,90,4.3,3,-78.7,-76.6,91.5,329,-95.7,-95.7,,,,11,113,-27.7,1,299,-29.8
2025,2025-09-11,call,10:08,583.8,2.07,ATM,584,1.12,2.42,117,36.6,69,-52.7,-32.1,36.6,69,-52.7,-49.1,69,,,7,,36.6,0,,
2025,2025-09-11,call,10:08,583.8,2.07,OTM1,585,0.62,2.42,117,41.9,69,-58.1,-50.0,41.9,69,-83.9,-82.3,69,,,5,,41.9,0,,
2025,2025-09-11,call,10:08,583.8,2.07,OTM2,586,0.31,2.42,117,38.7,69,-74.2,-67.7,38.7,69,-93.5,-90.3,69,,,5,,38.7,0,,
2025,2025-09-11,call,10:08,583.8,2.07,OTM3,587,0.13,2.42,117,23.1,69,-100.0,-69.2,23.1,69,-100.0,-84.6,,,,5,120,23.1,0,,
2025,2025-09-12,call,10:21,585.7,1.48,ATM,586,0.67,1.05,71,89.6,33,-20.9,38.8,207.5,276,-29.9,59.7,14,30,,,,,1,33,89.6
2025,2025-09-12,call,10:21,585.7,1.48,OTM1,587,0.28,1.05,71,135.7,33,-39.3,25.0,257.1,275,-67.9,-21.4,12,27,33,,,,1,33,135.7
2025,2025-09-12,call,10:21,585.7,1.48,OTM2,588,0.1,1.05,71,170.0,33,-50.0,-30.0,210.0,275,-100.0,-80.0,12,28,32,103,,30.0,1,33,170.0
2025,2025-09-12,call,10:21,585.7,1.48,OTM3,589,0.03,1.05,71,200.0,33,-100.0,0.0,200.0,33,-100.0,-66.7,0,27,31,79,79,33.3,1,33,200.0
2025,2025-09-15,call,09:49,589.67,1.33,ATM,590,0.77,0.22,16,89.6,143,-13.0,29.9,89.6,143,-27.3,61.0,1,9,,,,,1,0,14.3
2025,2025-09-15,call,09:49,589.67,1.33,OTM1,591,0.37,0.22,16,94.6,128,-35.1,16.2,94.6,128,-73.0,0.0,1,7,,,,,1,0,13.5
2025,2025-09-15,call,09:49,589.67,1.33,OTM2,592,0.16,0.22,16,93.8,10,-50.0,-18.8,93.8,10,-93.8,-93.8,1,7,,93,,56.2,1,0,12.5
2025,2025-09-15,call,09:49,589.67,1.33,OTM3,593,0.08,0.22,16,125.0,17,-100.0,-62.5,125.0,17,-100.0,-87.5,8,10,17,48,64,-12.5,1,0,0.0
2025,2025-09-16,put,09:45,591.69,1.17,ATM,592,1.19,0.79,67,42.9,137,-24.4,-12.6,42.9,137,-80.7,-64.7,6,,,,,,1,76,27.7
2025,2025-09-16,put,09:45,591.69,1.17,OTM1,591,0.76,0.79,67,44.7,11,-39.5,-35.5,44.7,11,-97.4,-93.4,5,,,,,,1,76,22.4
2025,2025-09-16,put,09:45,591.69,1.17,OTM2,590,0.49,0.79,67,49.0,11,-57.1,-55.1,49.0,11,-98.0,-95.9,5,,,191,,-44.9,1,76,12.2
2025,2025-09-16,put,09:45,591.69,1.17,OTM3,589,0.32,0.79,67,50.0,11,-65.6,-65.6,50.0,11,-100.0,-93.8,5,,,162,,-37.5,1,76,0.0
2025,2025-09-17,put,09:45,589.69,1.83,ATM,590,2.44,0.52,28,68.9,174,-100.0,56.1,139.3,308,-100.0,-89.8,59,144,,131,131,68.9,1,42,20.1
2025,2025-09-17,put,09:45,589.69,1.83,OTM1,589,1.98,0.52,28,77.8,180,-26.8,63.6,152.5,308,-100.0,-96.5,57,79,,,,,1,42,23.7
2025,2025-09-17,put,09:45,589.69,1.83,OTM2,588,1.62,0.52,28,85.2,180,-28.4,69.8,159.3,308,-98.1,-97.5,50,65,,,,,1,42,25.3
2025,2025-09-17,put,09:45,589.69,1.83,OTM3,587,1.29,0.52,28,95.3,174,-27.9,78.3,171.3,308,-98.4,-97.7,43,59,,,,,1,42,29.5
2025,2025-09-18,put,09:45,593.31,2.15,ATM,593,1.46,0.11,5,11.0,0,-100.0,-100.0,11.0,0,-100.0,-98.6,,,,4,18,-26.7,1,0,11.0
2025,2025-09-18,put,09:45,593.31,2.15,OTM1,592,1.08,0.11,5,13.0,0,-100.0,-92.6,13.0,0,-100.0,-99.1,,,,4,21,-28.7,1,0,13.0
2025,2025-09-18,put,09:45,593.31,2.15,OTM2,591,0.8,0.11,5,12.5,0,-100.0,-100.0,12.5,0,-100.0,-97.5,,,,4,21,-31.2,1,0,12.5
2025,2025-09-18,put,09:45,593.31,2.15,OTM3,590,0.58,0.11,5,15.5,0,-100.0,-89.7,15.5,0,-100.0,-96.6,,,,4,21,-31.0,1,0,15.5
2025,2025-09-19,call,09:49,597.89,1.08,ATM,598,1.1,0.16,15,30.0,3,-80.9,-11.8,83.6,365,-80.9,67.3,,,,50,93,11.8,1,0,14.5
2025,2025-09-19,call,09:49,597.89,1.08,OTM1,599,0.64,0.16,15,37.5,3,-84.4,-37.5,70.3,365,-85.9,40.6,1,,,30,75,-6.3,1,0,17.2
2025,2025-09-19,call,09:49,597.89,1.08,OTM2,600,0.35,0.16,15,40.0,3,-85.7,-54.3,40.0,3,-94.3,-45.7,1,,,27,75,-28.6,1,0,17.1
2025,2025-09-19,call,09:49,597.89,1.08,OTM3,601,0.18,0.16,15,44.4,2,-100.0,-66.7,44.4,2,-100.0,-88.9,1,,,27,85,-22.2,1,0,16.7
2025,2025-09-22,call,09:48,598.86,1.05,ATM,599,0.88,0.09,9,258.0,188,-100.0,252.3,337.5,326,-100.0,278.4,32,40,59,185,185,258.0,1,0,8.0
2025,2025-09-22,call,09:48,598.86,1.05,OTM1,600,0.44,0.09,9,404.5,188,-34.1,388.6,543.2,326,-100.0,427.3,32,39,51,,,,1,0,9.1
2025,2025-09-22,call,09:48,598.86,1.05,OTM2,601,0.18,0.09,9,661.1,188,-38.9,627.8,944.4,326,-38.9,677.8,6,39,51,,,,1,0,16.7
2025,2025-09-22,call,09:48,598.86,1.05,OTM3,602,0.09,0.09,9,677.8,172,-44.4,611.1,955.6,326,-44.4,400.0,47,51,57,,,,1,0,0.0
2025,2025-09-23,put,09:57,600.94,1.6,ATM,601,1.11,0.08,5,20.7,134,-45.0,6.3,275.7,223,-100.0,144.1,,,,,,,1,0,10.8
2025,2025-09-23,put,09:57,600.94,1.6,OTM1,600,0.73,0.08,5,13.7,2,-54.8,-9.6,338.4,223,-100.0,137.0,,,,43,,13.7,1,0,11.0
2025,2025-09-23,put,09:57,600.94,1.6,OTM2,599,0.47,0.08,5,14.9,2,-57.4,-21.3,417.0,223,-57.4,93.6,,,,43,,8.5,1,0,12.8
2025,2025-09-23,put,09:57,600.94,1.6,OTM3,598,0.32,0.08,5,12.5,2,-100.0,-34.4,443.8,223,-100.0,-3.1,,,,43,150,0.0,1,0,9.4
2025,2025-09-24,put,09:48,598.06,1.81,ATM,598,1.25,2.07,114,278.4,143,-100.0,149.6,278.4,143,-100.0,84.0,2,116,121,189,189,172.0,1,117,83.2
2025,2025-09-24,put,09:48,598.06,1.81,OTM1,597,0.88,2.07,114,331.8,143,-100.0,158.0,331.8,143,-100.0,47.7,2,117,120,184,184,192.0,1,117,80.7
2025,2025-09-24,put,09:48,598.06,1.81,OTM2,596,0.61,2.07,114,383.6,143,-37.7,145.9,383.6,143,-54.1,-45.9,2,117,121,,,,1,117,73.8
2025,2025-09-24,put,09:48,598.06,1.81,OTM3,595,0.41,2.07,114,529.3,147,-39.0,131.7,529.3,147,-87.8,-87.8,1,2,121,,,,1,117,68.3
2025,2025-09-25,call,10:10,592.32,3.72,ATM,592,1.72,0.81,22,98.3,97,-14.0,17.4,98.3,97,-84.9,-20.9,10,14,,,,,1,10,34.9
2025,2025-09-25,call,10:10,592.32,3.72,OTM1,593,1.19,0.81,22,118.5,96,-16.0,10.9,118.5,96,-89.1,-52.1,6,13,91,,,,1,10,42.9
2025,2025-09-25,call,10:10,592.32,3.72,OTM2,594,0.78,0.81,22,137.2,95,-21.8,-1.3,137.2,95,-91.0,-84.6,4,13,89,,,,1,10,50.0
2025,2025-09-25,call,10:10,592.32,3.72,OTM3,595,0.48,0.81,22,156.2,95,-31.2,-14.6,156.2,95,-95.8,-93.7,4,6,88,,,,1,10,58.3
2025,2025-09-26,call,10:00,595.93,2.76,ATM,596,1.42,0.42,15,9.2,0,-91.5,-68.3,9.2,0,-94.4,-89.4,,,,5,23,-50.7,0,,
2025,2025-09-26,call,10:00,595.93,2.76,OTM1,597,0.92,0.42,15,10.9,0,-93.5,-79.3,10.9,0,-98.9,-98.9,,,,5,20,-53.3,0,,
2025,2025-09-26,call,10:00,595.93,2.76,OTM2,598,0.54,0.42,15,13.0,0,-100.0,-87.0,13.0,0,-100.0,-98.1,,,,5,20,-55.6,0,,
2025,2025-09-26,call,10:00,595.93,2.76,OTM3,599,0.3,0.42,15,13.3,0,-100.0,-93.3,13.3,0,-100.0,-100.0,,,,5,21,-53.3,0,,
2025,2025-09-29,call,09:45,600.96,1.61,ATM,601,1.18,2.24,139,33.1,23,-93.2,-92.4,33.1,23,-100.0,-99.2,23,,,84,101,-43.2,0,,
2025,2025-09-29,call,09:45,600.96,1.61,OTM1,602,0.7,2.24,139,35.7,23,-94.3,-92.9,35.7,23,-100.0,-98.6,23,,,70,89,-35.7,0,,
2025,2025-09-29,call,09:45,600.96,1.61,OTM2,603,0.37,2.24,139,32.4,23,-100.0,-91.9,32.4,23,-100.0,-100.0,23,,,34,84,10.8,0,,
2025,2025-09-29,call,09:45,600.96,1.61,OTM3,604,0.18,2.24,139,61.1,23,-100.0,-88.9,61.1,23,-100.0,-100.0,23,23,,33,83,0.0,0,,
2025,2025-09-30,put,09:54,596.36,2.12,ATM,596,1.28,1.57,74,10.9,0,-82.0,-63.3,10.9,0,-99.2,-99.2,,,,8,60,-14.8,0,,
2025,2025-09-30,put,09:54,596.36,2.12,OTM1,595,0.92,1.57,74,10.9,0,-84.8,-69.6,10.9,0,-98.9,-98.9,,,,8,60,-14.1,0,,
2025,2025-09-30,put,09:54,596.36,2.12,OTM2,594,0.66,1.57,74,10.6,0,-86.4,-75.8,10.6,0,-100.0,-97.0,,,,8,53,-13.6,0,,
2025,2025-09-30,put,09:54,596.36,2.12,OTM3,593,0.48,1.57,74,10.4,0,-100.0,-81.3,10.4,0,-100.0,-97.9,,,,7,53,-14.6,0,,
2025,2025-10-01,put,09:49,596.59,2.37,ATM,597,1.8,2.28,96,7.8,0,-96.1,-95.6,7.8,0,-100.0,-98.9,,,,7,29,-20.0,0,,
2025,2025-10-01,put,09:49,596.59,2.37,OTM1,596,1.37,2.28,96,8.8,0,-96.4,-96.4,8.8,0,-100.0,-98.5,,,,6,29,-19.7,0,,
2025,2025-10-01,put,09:49,596.59,2.37,OTM2,595,1.05,2.28,96,7.6,0,-100.0,-96.2,7.6,0,-100.0,-99.0,,,,6,28,-25.7,0,,
2025,2025-10-01,put,09:49,596.59,2.37,OTM3,594,0.8,2.28,96,6.2,0,-100.0,-95.0,6.2,0,-100.0,-98.8,,,,6,24,-28.8,0,,
2025,2025-10-02,put,09:49,603.81,3.17,ATM,604,1.4,1.82,57,23.6,74,-74.3,-70.7,23.6,74,-99.3,-99.3,,,,29,,23.6,0,,
2025,2025-10-02,put,09:49,603.81,3.17,OTM1,603,0.97,1.82,57,23.7,74,-80.4,-77.3,23.7,74,-100.0,-97.9,,,,16,183,23.7,0,,
2025,2025-10-02,put,09:49,603.81,3.17,OTM2,602,0.7,1.82,57,15.7,0,-84.3,-81.4,15.7,0,-100.0,-98.6,,,,15,166,14.3,0,,
2025,2025-10-02,put,09:49,603.81,3.17,OTM3,601,0.5,1.82,57,16.0,0,-100.0,-84.0,16.0,0,-100.0,-98.0,,,,14,144,6.0,0,,
2025,2025-10-03,put,09:56,605.86,1.19,ATM,606,1.28,0.18,15,60.2,12,-74.2,-28.9,263.3,237,-100.0,122.7,4,12,,78,,-26.6,1,3,28.1
2025,2025-10-03,put,09:56,605.86,1.19,OTM1,605,0.9,0.18,15,63.3,12,-81.1,-46.7,314.4,238,-100.0,108.9,3,11,,69,120,-31.1,1,3,31.1
2025,2025-10-03,put,09:56,605.86,1.19,OTM2,604,0.63,0.18,15,65.1,12,-82.5,-57.1,352.4,237,-82.5,41.3,3,12,,43,118,-25.4,1,3,34.9
2025,2025-10-03,put,09:56,605.86,1.19,OTM3,603,0.44,0.18,15,63.6,12,-100.0,-61.4,384.1,237,-100.0,-52.3,3,4,,43,113,-31.8,1,3,36.4
2025,2025-10-07,put,10:27,608.41,1.11,ATM,608,0.77,0.75,67,549.4,83,-100.0,423.4,549.4,83,-100.0,322.1,9,34,36,149,149,458.4,1,28,49.4
2025,2025-10-07,put,10:27,608.41,1.11,OTM1,607,0.47,0.75,67,772.3,83,-27.7,570.2,772.3,83,-100.0,391.5,9,28,36,,,,1,28,53.2
2025,2025-10-07,put,10:27,608.41,1.11,OTM2,606,0.3,0.75,67,983.3,83,-33.3,680.0,983.3,83,-100.0,336.7,9,34,36,,,,1,28,43.3
2025,2025-10-07,put,10:27,608.41,1.11,OTM3,605,0.19,0.75,67,1215.8,83,-31.6,736.8,1215.8,83,-31.6,115.8,22,35,36,,,,1,28,36.8
2025,2025-10-08,call,09:48,607.19,1.81,ATM,607,1.35,1.47,81,129.6,150,-100.0,94.8,231.9,366,-100.0,231.9,11,12,121,175,175,97.0,1,20,64.4
2025,2025-10-08,call,09:48,607.19,1.81,OTM1,608,0.83,1.47,81,171.1,150,-100.0,101.2,307.2,366,-100.0,307.2,9,11,22,168,168,112.0,1,20,79.5
2025,2025-10-08,call,09:48,607.19,1.81,OTM2,609,0.47,1.47,81,193.6,150,-25.5,89.4,434.0,366,-25.5,434.0,9,11,21,,,,1,20,91.5
2025,2025-10-08,call,09:48,607.19,1.81,OTM3,610,0.22,1.47,81,213.6,150,-36.4,59.1,631.8,366,-36.4,572.7,8,11,12,,,,1,20,118.2
2025,2025-10-09,put,09:46,609.79,1.81,ATM,610,1.33,0.37,20,65.4,58,-47.4,23.3,95.5,223,-96.2,-93.2,48,56,,,,,1,43,11.3
2025,2025-10-09,put,09:46,609.79,1.81,OTM1,609,0.93,0.37,20,66.7,58,-58.1,2.2,89.2,223,-98.9,-98.9,48,55,,131,,35.5,1,43,7.5
2025,2025-10-09,put,09:46,609.79,1.81,OTM2,608,0.66,0.37,20,62.1,58,-68.2,-12.1,71.2,223,-98.5,-97.0,48,57,,88,,34.8,1,43,3.0
2025,2025-10-09,put,09:46,609.79,1.81,OTM3,607,0.46,0.37,20,56.5,58,-71.7,-23.9,56.5,58,-97.8,-97.8,48,58,,73,,21.7,1,43,-2.2
2025,2025-10-10,call,09:45,613.09,1.96,ATM,613,1.28,0.94,48,0.8,0,-100.0,-100.0,0.8,0,-100.0,-99.2,,,,5,55,-25.0,0,,
2025,2025-10-10,call,09:45,613.09,1.96,OTM1,614,0.76,0.94,48,0.0,0,-100.0,-98.7,0.0,0,-100.0,-98.7,,,,4,30,-32.9,0,,
2025,2025-10-10,call,09:45,613.09,1.96,OTM2,615,0.39,0.94,48,2.6,0,-100.0,-100.0,2.6,0,-100.0,-97.4,,,,3,27,-38.5,0,,
2025,2025-10-10,call,09:45,613.09,1.96,OTM3,616,0.18,0.94,48,0.0,0,-100.0,-94.4,0.0,0,-100.0,-94.4,,,,3,19,-44.4,0,,
2025,2025-10-13,call,09:50,600.32,2.88,ATM,600,2.21,0.79,27,39.8,188,-59.7,25.3,41.6,192,-100.0,5.4,9,,,61,,39.8,1,8,19.0
2025,2025-10-13,call,09:50,600.32,2.88,OTM1,601,1.66,0.79,27,37.3,14,-64.5,16.9,37.3,14,-64.5,-15.7,9,,,60,,34.3,1,8,20.5
2025,2025-10-13,call,09:50,600.32,2.88,OTM2,602,1.2,0.79,27,40.8,14,-69.2,5.0,40.8,14,-85.0,-60.0,9,,,57,,25.0,1,8,22.5
2025,2025-10-13,call,09:50,600.32,2.88,OTM3,603,0.83,0.79,27,48.2,15,-72.3,-14.5,48.2,15,-92.8,-90.4,9,,,55,,9.6,1,8,22.9
2025,2025-10-14,call,10:20,595.41,5.04,ATM,595,2.43,2.99,59,216.9,151,-100.0,159.3,216.9,151,-100.0,-100.0,3,8,89,108,108,216.9,1,83,80.7
2025,2025-10-14,call,10:20,595.41,5.04,OTM1,596,1.88,2.99,59,261.2,151,-100.0,182.4,261.2,151,-100.0,-9.0,3,6,85,125,125,261.2,1,83,89.9
2025,2025-10-14,call,10:20,595.41,5.04,OTM2,597,1.45,2.99,59,308.3,151,0.0,206.9,308.3,151,-100.0,-28.3,3,6,85,,,,1,83,93.1
2025,2025-10-14,call,10:20,595.41,5.04,OTM3,598,1.08,2.99,59,359.3,151,-0.9,229.6,359.3,151,-100.0,-58.3,3,6,84,,,,1,83,96.3
2025,2025-10-15,put,09:48,601.78,1.99,ATM,602,2.27,3.94,198,27.8,191,-84.1,27.3,184.1,207,-84.1,-28.2,,,,8,21,27.8,1,202,124.2
2025,2025-10-15,put,09:48,601.78,1.99,OTM1,601,1.86,3.94,198,24.2,191,-84.4,23.7,201.1,207,-88.2,-56.5,,,,8,21,24.2,1,202,138.2
2025,2025-10-15,put,09:48,601.78,1.99,OTM2,600,1.51,3.94,198,23.8,191,-84.1,20.5,226.5,207,-91.4,-78.8,,,,8,21,23.8,1,202,148.3
2025,2025-10-15,put,09:48,601.78,1.99,OTM3,599,1.22,3.94,198,20.5,191,-83.6,18.9,247.5,207,-94.3,-91.0,,,,8,21,20.5,1,202,155.7
2025,2025-10-16,call,09:45,606.99,1.61,ATM,607,2.09,0.51,32,24.9,59,-92.3,-83.3,24.9,59,-100.0,-99.5,,,,26,132,24.9,1,55,11.5
2025,2025-10-16,call,09:45,606.99,1.61,OTM1,608,1.58,0.51,32,24.1,59,-93.0,-86.1,24.1,59,-100.0,-99.4,,,,25,123,24.1,1,55,8.9
2025,2025-10-16,call,09:45,606.99,1.61,OTM2,609,1.13,0.51,32,24.8,59,-92.9,-87.6,24.8,59,-100.0,-99.1,,,,18,115,24.8,1,55,8.0
2025,2025-10-16,call,09:45,606.99,1.61,OTM3,610,0.78,0.51,32,34.6,57,-93.6,-87.2,34.6,57,-100.0,-100.0,57,,,4,104,34.6,1,55,5.1
2025,2025-10-17,call,09:53,600.48,3.51,ATM,600,3.25,0.29,8,49.2,21,-67.4,-9.8,69.5,318,-67.4,18.5,19,,,87,,32.6,1,0,8.9
2025,2025-10-17,call,09:53,600.48,3.51,OTM1,601,2.67,0.29,8,54.3,21,-70.4,-15.4,70.4,318,-100.0,13.5,19,21,,81,,31.5,1,0,10.1
2025,2025-10-17,call,09:53,600.48,3.51,OTM2,602,2.17,0.29,8,59.4,21,-74.7,-23.0,64.5,318,-74.7,-6.0,19,21,,80,,28.6,1,0,10.6
2025,2025-10-17,call,09:53,600.48,3.51,OTM3,603,1.72,0.29,8,64.5,21,-77.9,-30.8,64.5,21,-77.9,-39.5,19,21,,64,102,24.4,1,0,11.6
2025,2025-10-20,call,09:51,609.73,2.63,ATM,610,1.33,1.28,49,115.8,119,-21.1,60.2,116.5,230,-100.0,54.1,35,48,117,,,,1,35,38.3
2025,2025-10-20,call,09:51,609.73,2.63,OTM1,611,0.84,1.28,49,142.9,119,-27.4,53.6,142.9,119,-100.0,22.6,35,48,61,,,,1,35,39.3
2025,2025-10-20,call,09:51,609.73,2.63,OTM2,612,0.48,1.28,49,168.8,119,-31.2,29.2,168.8,119,-68.7,-62.5,35,36,61,,,,1,35,39.6
2025,2025-10-20,call,09:51,609.73,2.63,OTM3,613,0.27,1.28,49,155.6,119,-40.7,-11.1,155.6,119,-96.3,-92.6,36,49,61,,,,1,35,29.6
2025,2025-10-21,put,09:48,609.82,1.73,ATM,610,1.72,1.67,96,4.7,8,-89.5,-61.0,4.7,8,-98.3,-95.9,,,,30,118,1.7,0,,
2025,2025-10-21,put,09:48,609.82,1.73,OTM1,609,1.32,1.67,96,4.5,0,-89.4,-64.4,4.5,0,-98.5,-97.7,,,,30,117,-0.8,0,,
2025,2025-10-21,put,09:48,609.82,1.73,OTM2,608,1.02,1.67,96,4.9,0,-100.0,-64.7,4.9,0,-100.0,-97.1,,,,29,83,-2.9,0,,
2025,2025-10-21,put,09:48,609.82,1.73,OTM3,607,0.81,1.67,96,3.7,0,-100.0,-67.9,3.7,0,-100.0,-98.8,,,,29,70,-7.4,0,,
2025,2025-10-22,call,09:51,611.04,2.32,ATM,611,1.49,0.06,3,10.7,2,-98.7,-97.3,10.7,2,-100.0,-99.3,,,,22,37,-34.9,1,0,2.7
2025,2025-10-22,call,09:51,611.04,2.32,OTM1,612,0.97,0.06,3,13.4,2,-99.0,-97.9,13.4,2,-100.0,-99.0,,,,21,36,-41.2,1,0,5.2
2025,2025-10-22,call,09:51,611.04,2.32,OTM2,613,0.6,0.06,3,11.7,2,-100.0,-98.3,11.7,2,-100.0,-98.3,,,,18,35,-46.7,1,0,3.3
2025,2025-10-22,call,09:51,611.04,2.32,OTM3,614,0.34,0.06,3,8.8,2,-100.0,-97.1,8.8,2,-100.0,-100.0,,,,18,36,-41.2,1,0,2.9
2025,2025-10-23,call,09:45,607.41,2.23,ATM,607,1.99,3.95,177,73.4,194,-100.0,71.9,120.1,251,-100.0,76.9,9,130,,155,155,73.4,1,284,117.1
2025,2025-10-23,call,09:45,607.41,2.23,OTM1,608,1.41,3.95,177,78.7,194,-31.2,75.2,141.1,251,-100.0,81.6,4,63,,,,,1,284,141.1
2025,2025-10-23,call,09:45,607.41,2.23,OTM2,609,0.96,3.95,177,71.9,194,-38.5,68.8,156.2,284,-100.0,61.5,4,10,,,,,1,284,156.2
2025,2025-10-23,call,09:45,607.41,2.23,OTM3,610,0.61,3.95,177,55.7,10,-47.5,49.2,154.1,251,-47.5,-4.9,4,10,,,,,1,284,149.2
2025,2025-10-24,call,10:07,617.62,2.41,ATM,618,1.04,2.36,98,4.8,5,-75.0,-35.6,4.8,5,-96.2,-95.2,,,,22,48,-13.5,0,,
2025,2025-10-24,call,10:07,617.62,2.41,OTM1,619,0.58,2.36,98,6.9,4,-79.3,-56.9,6.9,4,-100.0,-96.6,,,,22,47,-20.7,0,,
2025,2025-10-24,call,10:07,617.62,2.41,OTM2,620,0.28,2.36,98,10.7,4,-82.1,-67.9,10.7,4,-100.0,-92.9,,,,22,44,-28.6,0,,
2025,2025-10-24,call,10:07,617.62,2.41,OTM3,621,0.13,2.36,98,15.4,4,-100.0,-69.2,15.4,4,-100.0,-92.3,,,,23,44,-38.5,0,,
2025,2025-10-27,call,10:01,625.57,1.5,ATM,626,0.79,,,55.7,173,-45.6,41.8,217.7,352,-45.6,188.6,34,100,,,,,0,,
2025,2025-10-27,call,10:01,625.57,1.5,OTM1,627,0.38,,,42.1,100,-52.6,13.2,300.0,352,-52.6,223.7,2,,,18,,42.1,0,,
2025,2025-10-27,call,10:01,625.57,1.5,OTM2,628,0.17,,,35.3,2,-52.9,-23.5,252.9,352,-64.7,123.5,2,,,18,,23.5,0,,
2025,2025-10-27,call,10:01,625.57,1.5,OTM3,629,0.08,,,37.5,2,-100.0,-100.0,75.0,352,-100.0,12.5,2,,,18,55,12.5,0,,
2025,2025-10-28,put,09:48,630.08,1.26,ATM,630,1.45,0.31,24,6.9,5,-86.2,-84.1,6.9,5,-99.3,-99.3,,,,131,158,-55.2,1,5,6.9
2025,2025-10-28,put,09:48,630.08,1.26,OTM1,629,1.07,0.31,24,7.5,2,-87.9,-86.0,7.5,2,-100.0,-99.1,,,,127,158,-48.6,1,5,7.5
2025,2025-10-28,put,09:48,630.08,1.26,OTM2,628,0.79,0.31,24,8.9,3,-89.9,-84.8,8.9,3,-100.0,-98.7,,,,110,155,-34.2,1,5,8.9
2025,2025-10-28,put,09:48,630.08,1.26,OTM3,627,0.6,0.31,24,10.0,4,-100.0,-83.3,10.0,4,-100.0,-98.3,,,,79,141,-16.7,1,5,8.3
2025,2025-10-29,call,09:52,636.3,0.9,ATM,636,2.97,1.34,149,15.5,8,-26.6,-4.4,15.5,8,-68.0,-28.6,,,,,,,0,,
2025,2025-10-29,call,09:52,636.3,0.9,OTM1,637,2.43,1.34,149,18.1,8,-24.7,-0.8,18.1,8,-100.0,-33.7,,,,,,,0,,
2025,2025-10-29,call,09:52,636.3,0.9,OTM2,638,1.97,1.34,149,18.8,8,-100.0,1.0,18.8,8,-100.0,-35.0,,,,126,126,3.6,0,,
2025,2025-10-29,call,09:52,636.3,0.9,OTM3,639,1.53,1.34,149,23.5,8,-100.0,5.9,23.5,8,-100.0,-36.6,,,,180,180,9.2,0,,
2025,2025-10-30,call,09:54,632.37,4.44,ATM,632,2.93,1.37,31,19.8,5,-71.0,-59.7,19.8,5,-94.9,-94.9,,,,56,,-42.0,0,,
2025,2025-10-30,call,09:54,632.37,4.44,OTM1,633,2.39,1.37,31,21.3,5,-74.5,-66.1,21.3,5,-95.8,-95.4,,,,29,,-31.8,0,,
2025,2025-10-30,call,09:54,632.37,4.44,OTM2,634,1.91,1.37,31,24.1,5,-78.0,-70.7,24.1,5,-96.9,-96.3,,,,28,103,-36.1,0,,
2025,2025-10-30,call,09:54,632.37,4.44,OTM3,635,1.48,1.37,31,26.4,5,-81.1,-75.0,26.4,5,-100.0,-97.3,,,,25,102,-35.1,0,,
2025,2025-10-31,put,09:45,631.71,2.3,ATM,632,2.32,0.04,2,93.1,193,-66.8,82.3,130.2,215,-100.0,-9.9,143,146,,55,,93.1,1,0,4.3
2025,2025-10-31,put,09:45,631.71,2.3,OTM1,631,1.89,0.04,2,92.6,193,-70.4,82.0,133.9,210,-84.7,-43.4,144,151,,55,,92.6,1,0,4.2
2025,2025-10-31,put,09:45,631.71,2.3,OTM2,630,1.53,0.04,2,89.5,193,-72.5,76.5,137.3,210,-93.5,-72.5,145,151,,51,,89.5,1,0,4.6
2025,2025-10-31,put,09:45,631.71,2.3,OTM3,629,1.23,0.04,2,83.7,193,-74.0,70.7,134.1,210,-96.7,-89.4,145,153,,50,,83.7,1,0,5.7
2025,2025-11-03,put,09:49,633.15,2.65,ATM,633,1.77,2.7,102,113.0,46,-53.7,-48.0,113.0,46,-65.5,-19.2,10,35,40,181,,-40.1,1,37,89.3
2025,2025-11-03,put,09:49,633.15,2.65,OTM1,632,1.38,2.7,102,123.9,42,-64.5,-61.6,123.9,42,-76.8,-47.1,10,26,38,167,,-41.3,1,37,97.1
2025,2025-11-03,put,09:49,633.15,2.65,OTM2,631,1.08,2.7,102,131.5,42,-72.2,-70.4,131.5,42,-83.3,-70.4,10,17,36,145,,-11.1,1,37,101.9
2025,2025-11-03,put,09:49,633.15,2.65,OTM3,630,0.82,2.7,102,143.9,42,-75.6,-73.2,143.9,42,-86.6,-84.1,1,16,36,143,187,-18.3,1,37,109.8
2025,2025-11-04,call,09:50,624.56,2.86,ATM,625,1.92,2.0,70,58.9,11,-88.0,-86.5,58.9,11,-100.0,-100.0,3,4,,88,135,-40.6,1,8,55.7
2025,2025-11-04,call,09:50,624.56,2.86,OTM1,626,1.46,2.0,70,64.4,11,-91.8,-90.4,64.4,11,-100.0,-99.3,3,4,,66,120,-21.9,1,8,61.0
2025,2025-11-04,call,09:50,624.56,2.86,OTM2,627,1.08,2.0,70,69.4,11,-93.5,-93.5,69.4,11,-100.0,-99.1,2,4,,65,90,-33.3,1,8,65.7
2025,2025-11-04,call,09:50,624.56,2.86,OTM3,628,0.75,2.0,70,74.7,8,-100.0,-94.7,74.7,8,-100.0,-98.7,2,3,,64,89,-36.0,1,8,74.7
2025,2025-11-05,call,09:47,619.9,2.12,ATM,620,1.94,0.67,31,183.5,177,-100.0,-100.0,236.6,307,-100.0,113.9,5,6,114,158,158,183.5,1,2,18.6
2025,2025-11-05,call,09:47,619.9,2.12,OTM1,621,1.44,0.67,31,212.5,176,-100.0,188.2,291.7,314,-100.0,136.1,5,6,60,155,155,212.5,1,2,20.1
2025,2025-11-05,call,09:47,619.9,2.12,OTM2,622,1.03,0.67,31,249.5,177,-100.0,211.7,344.7,307,-100.0,-100.0,4,5,18,187,187,218.4,1,2,21.4
2025,2025-11-05,call,09:47,619.9,2.12,OTM3,623,0.7,0.67,31,285.7,177,-7.1,235.7,415.7,245,-100.0,65.7,3,5,18,,,,1,2,24.3
2025,2025-11-06,put,09:51,619.26,2.33,ATM,619,2.21,1.38,59,290.0,154,-100.0,148.9,290.0,154,-100.0,226.7,8,8,44,80,80,290.0,1,7,24.9
2025,2025-11-06,put,09:51,619.26,2.33,OTM1,618,1.82,1.38,59,325.3,124,-100.0,157.1,325.3,124,-100.0,248.9,8,8,12,115,115,325.3,1,7,24.7
2025,2025-11-06,put,09:51,619.26,2.33,OTM2,617,1.46,1.38,59,358.9,125,-100.0,157.5,358.9,125,-100.0,258.2,8,8,12,127,127,347.9,1,7,25.3
2025,2025-11-06,put,09:51,619.26,2.33,OTM3,616,1.21,1.38,59,392.6,124,-100.0,148.8,392.6,124,-100.0,252.1,8,8,12,149,149,371.1,1,7,21.5
2025,2025-11-07,put,10:06,603.15,4.64,ATM,603,2.63,0.21,4,81.0,120,-57.0,-23.6,81.0,120,-99.6,-99.6,55,94,,6,,81.0,1,0,4.6
2025,2025-11-07,put,10:06,603.15,4.64,OTM1,602,2.18,0.21,4,84.4,120,-100.0,-30.7,84.4,120,-100.0,-99.5,64,94,,6,125,84.4,1,0,4.1
2025,2025-11-07,put,10:06,603.15,4.64,OTM2,601,1.78,0.21,4,86.0,120,-60.1,-38.8,86.0,120,-99.4,-99.4,64,94,,6,,86.0,1,0,5.1
2025,2025-11-07,put,10:06,603.15,4.64,OTM3,600,1.45,0.21,4,84.8,120,-61.4,-47.6,84.8,120,-99.3,-99.3,64,109,,6,,84.8,1,0,4.8
2025,2025-11-10,call,09:46,621.39,2.8,ATM,621,1.74,4.14,148,12.1,38,-87.4,-31.0,88.5,367,-87.4,31.6,,,,64,73,-28.2,0,,
2025,2025-11-10,call,09:46,621.39,2.8,OTM1,622,1.19,4.14,148,10.9,12,-89.1,-45.4,195.0,363,-89.1,5.0,,,,63,73,-41.2,0,,
2025,2025-11-10,call,09:46,621.39,2.8,OTM2,623,0.77,4.14,148,9.1,12,-100.0,-59.7,229.9,363,-100.0,-46.8,,,,62,70,-48.1,0,,
2025,2025-11-10,call,09:46,621.39,2.8,OTM3,624,0.49,4.14,148,2.0,0,-100.0,-73.5,2.0,0,-100.0,-89.8,,,,60,66,-49.0,0,,
2025,2025-11-11,put,09:49,620.01,1.41,ATM,620,1.46,1.36,97,99.3,100,-69.2,-65.8,99.3,100,-99.3,-99.3,16,43,,180,,-44.5,1,43,61.0
2025,2025-11-11,put,09:49,620.01,1.41,OTM1,619,1.07,1.36,97,107.5,100,-76.6,-73.8,107.5,100,-99.1,-99.1,16,43,100,152,186,-12.1,1,43,65.4
2025,2025-11-11,put,09:49,620.01,1.41,OTM2,618,0.78,1.36,97,114.1,100,-80.8,-78.2,114.1,100,-100.0,-98.7,16,30,100,145,182,-24.4,1,43,67.9
2025,2025-11-11,put,09:49,620.01,1.41,OTM3,617,0.56,1.36,97,117.9,100,-82.1,-78.6,117.9,100,-100.0,-98.2,1,29,65,145,180,-33.9,1,43,69.6
2025,2025-11-12,put,09:46,620.42,3.45,ATM,620,1.7,0.3,9,78.2,122,-49.4,-42.9,78.2,122,-98.2,-94.1,49,83,,,,,1,0,12.4
2025,2025-11-12,put,09:46,620.42,3.45,OTM1,619,1.33,0.3,9,81.2,122,-56.4,-51.1,81.2,122,-99.2,-97.7,49,83,,173,,-5.3,1,0,13.5
2025,2025-11-12,put,09:46,620.42,3.45,OTM2,618,1.08,0.3,9,73.1,122,-67.6,-60.2,73.1,122,-99.1,-99.1,49,83,,171,,-16.7,1,0,11.1
2025,2025-11-12,put,09:46,620.42,3.45,OTM3,617,0.83,0.3,9,73.5,122,-67.5,-65.1,73.5,122,-100.0,-98.8,2,83,,170,,-25.3,1,0,13.3
2025,2025-11-13,put,10:45,612.32,5.12,ATM,612,1.86,1.52,30,93.0,132,-12.4,82.8,214.5,249,-100.0,115.6,8,33,,,,,1,9,45.2
2025,2025-11-13,put,10:45,612.32,5.12,OTM1,611,1.46,1.52,30,97.3,132,-18.5,79.5,243.2,173,-100.0,105.5,8,21,,,,,1,9,47.9
2025,2025-11-13,put,10:45,612.32,5.12,OTM2,610,1.12,1.52,30,102.7,132,-23.2,75.0,275.0,173,-100.0,91.1,4,9,131,,,,1,9,51.8
2025,2025-11-13,put,10:45,612.32,5.12,OTM3,609,0.85,1.52,30,103.5,132,-28.2,80.0,300.0,171,-28.2,45.9,4,9,131,,,,1,9,55.3
2025,2025-11-14,call,09:45,602.57,5.32,ATM,603,2.92,1.46,27,252.1,147,-100.0,-100.0,252.1,147,-100.0,-100.0,2,8,53,109,109,252.1,1,2,31.5
2025,2025-11-14,call,09:45,602.57,5.32,OTM1,604,2.45,1.46,27,279.2,146,-100.0,-100.0,279.2,146,-100.0,94.7,2,7,52,81,81,279.2,1,2,33.9
2025,2025-11-14,call,09:45,602.57,5.32,OTM2,605,2.04,1.46,27,316.7,145,-100.0,212.7,316.7,145,-100.0,84.3,2,6,52,131,131,316.7,1,2,35.3
2025,2025-11-14,call,09:45,602.57,5.32,OTM3,606,1.67,1.46,27,349.1,145,-100.0,222.2,349.1,145,-100.0,61.1,2,6,51,130,130,349.1,1,2,37.1
2025,2025-11-17,call,09:46,611.21,5.93,ATM,611,2.67,4.29,72,21.7,4,-92.5,-92.1,21.7,4,-100.0,-99.6,,,,21,75,-34.1,0,,
2025,2025-11-17,call,09:46,611.21,5.93,OTM1,612,2.14,4.29,72,23.4,4,-93.9,-93.5,23.4,4,-99.5,-99.5,,,,21,74,-37.9,0,,
2025,2025-11-17,call,09:46,611.21,5.93,OTM2,613,1.7,4.29,72,23.5,4,-94.7,-94.7,23.5,4,-100.0,-99.4,,,,17,70,-34.7,0,,
2025,2025-11-17,call,09:46,611.21,5.93,OTM3,614,1.3,4.29,72,25.4,5,-95.4,-94.6,25.4,5,-100.0,-98.5,,,,17,53,-37.7,0,,
2025,2025-11-18,put,09:47,597.42,4.45,ATM,597,3.01,4.52,101,115.0,75,-77.1,-72.4,115.0,75,-94.7,-92.7,7,13,73,134,189,30.6,1,16,94.0
2025,2025-11-18,put,09:47,597.42,4.45,OTM1,596,2.58,4.52,101,123.6,75,-79.8,-76.0,123.6,75,-98.1,-97.7,7,12,16,110,188,27.9,1,16,100.4
2025,2025-11-18,put,09:47,597.42,4.45,OTM2,595,2.15,4.52,101,133.5,75,-81.9,-78.6,133.5,75,-99.1,-99.1,7,11,16,109,186,27.4,1,16,110.2
2025,2025-11-19,call,09:45,600.72,4.46,ATM,601,3.15,0.93,21,100.0,31,-72.7,-54.6,100.0,31,-77.1,-43.2,8,13,31,137,,-49.5,1,6,12.7
2025,2025-11-19,call,09:45,600.72,4.46,OTM1,602,2.65,0.93,21,109.4,31,-74.0,-59.6,109.4,31,-79.6,-50.6,8,13,30,137,,-52.1,1,6,13.2
2025,2025-11-19,call,09:45,600.72,4.46,OTM2,603,2.2,0.93,21,116.8,31,-75.5,-60.0,116.8,31,-81.8,-51.4,8,13,29,110,170,-33.6,1,6,13.2
2025,2025-11-19,call,09:45,600.72,4.46,OTM3,604,1.81,0.93,21,123.8,31,-76.8,-63.0,123.8,31,-83.4,-59.1,7,12,29,100,169,-34.8,1,6,13.3
2025,2025-11-20,call,09:47,612.84,2.27,ATM,613,2.34,4.57,201,15.8,12,-98.3,-97.4,15.8,12,-100.0,-99.6,,,,28,77,9.0,0,,
2025,2025-11-20,call,09:47,612.84,2.27,OTM1,614,1.81,4.57,201,16.0,12,-100.0,-96.7,16.0,12,-100.0,-99.4,,,,26,76,5.0,0,,
2025,2025-11-20,call,09:47,612.84,2.27,OTM2,615,1.36,4.57,201,14.7,12,-100.0,-97.1,14.7,12,-100.0,-99.3,,,,23,72,-0.7,0,,
2025,2025-11-20,call,09:47,612.84,2.27,OTM3,616,0.99,4.57,201,13.1,8,-100.0,-96.0,13.1,8,-100.0,-100.0,,,,19,72,-11.1,0,,
2025,2025-11-21,put,09:45,586.07,3.07,ATM,586,4.02,10.55,344,71.4,51,-85.8,-78.9,71.4,51,-100.0,-98.8,44,49,,115,133,-41.3,0,,
2025,2025-11-21,put,09:45,586.07,3.07,OTM1,585,3.59,10.55,344,74.9,51,-86.9,-80.5,74.9,51,-99.7,-99.2,44,49,,111,132,-43.5,0,,
2025,2025-11-21,put,09:45,586.07,3.07,OTM2,584,3.16,10.55,344,78.2,51,-87.3,-82.0,78.2,51,-100.0,-99.4,36,49,,110,131,-46.2,0,,
2025,2025-11-21,put,09:45,586.07,3.07,OTM3,583,2.82,10.55,344,78.7,51,-87.9,-83.3,78.7,51,-100.0,-100.0,44,49,,110,130,-48.6,0,,
2025,2025-11-24,call,10:02,600.33,4.9,ATM,600,2.58,5.29,108,114.7,171,-100.0,101.6,146.9,351,-100.0,146.5,60,66,157,175,175,103.5,1,190,122.9
2025,2025-11-24,call,10:02,600.33,4.9,OTM1,601,2.04,5.29,108,124.0,171,-100.0,110.8,159.8,351,-100.0,-100.0,60,66,157,113,113,124.0,1,190,141.2
2025,2025-11-24,call,10:02,600.33,4.9,OTM2,602,1.54,5.29,108,140.3,171,-37.7,119.5,163.0,352,-100.0,163.0,61,66,156,,,,1,190,150.6
2025,2025-11-24,call,10:02,600.33,4.9,OTM3,603,1.15,5.29,108,139.1,171,-40.9,112.2,682.6,347,-40.9,167.8,62,66,156,,,,1,190,154.8
2025,2025-11-25,put,09:45,599.39,3.9,ATM,599,2.5,1.33,34,52.4,4,-100.0,-96.4,52.4,4,-100.0,-99.6,3,4,,12,59,13.6,1,3,37.2
2025,2025-11-25,put,09:45,599.39,3.9,OTM1,598,2.11,1.33,34,56.9,4,-100.0,-96.7,56.9,4,-100.0,-100.0,2,4,,11,58,14.2,1,3,40.8
2025,2025-11-25,put,09:45,599.39,3.9,OTM2,597,1.78,1.33,34,60.1,4,-100.0,-96.6,60.1,4,-100.0,-99.4,2,4,,11,58,14.6,1,3,42.7
2025,2025-11-25,put,09:45,599.39,3.9,OTM3,596,1.51,1.33,34,62.9,4,-100.0,-97.4,62.9,4,-100.0,-99.3,2,4,,11,58,13.2,1,3,44.4
2025,2025-11-26,call,09:50,613.68,1.96,ATM,614,1.47,0.05,3,71.4,112,-70.7,22.4,71.4,112,-70.7,-56.5,104,109,,7,,71.4,1,0,7.5
2025,2025-11-26,call,09:50,613.68,1.96,OTM1,615,1.0,0.05,3,74.0,112,-74.0,5.0,74.0,112,-96.0,-94.0,105,109,,5,,74.0,1,0,8.0
2025,2025-11-26,call,09:50,613.68,1.96,OTM2,616,0.66,0.05,3,63.6,112,-75.8,-18.2,63.6,112,-98.5,-98.5,109,111,,5,34,63.6,1,0,9.1
2025,2025-11-26,call,09:50,613.68,1.96,OTM3,617,0.43,0.05,3,37.2,112,-76.7,-44.2,37.2,112,-97.7,-97.7,112,,,5,33,37.2,1,0,7.0
2025,2025-12-01,call,09:50,615.24,2.67,ATM,615,2.04,1.24,47,120.6,175,-100.0,82.8,120.6,175,-100.0,-22.1,5,63,173,154,154,120.6,1,5,34.8
2025,2025-12-01,call,09:50,615.24,2.67,OTM1,616,1.52,1.24,47,136.2,175,-41.4,85.5,136.2,175,-100.0,-44.1,5,62,172,,,,1,5,38.8
2025,2025-12-01,call,09:50,615.24,2.67,OTM2,617,1.08,1.24,47,145.4,175,-46.3,80.6,145.4,175,-91.7,-80.6,5,62,172,,,,1,5,43.5
2025,2025-12-01,call,09:50,615.24,2.67,OTM3,618,0.73,1.24,47,152.1,175,-50.7,63.0,152.1,175,-98.6,-97.3,5,62,173,44,,152.1,1,5,46.6
2025,2025-12-02,call,10:00,622.5,3.39,ATM,622,1.8,0.85,25,33.3,50,-83.3,-73.3,33.3,50,-83.3,-72.8,50,,,71,83,-20.6,1,49,27.2
2025,2025-12-02,call,10:00,622.5,3.39,OTM1,623,1.26,0.85,25,34.1,50,-84.9,-81.7,34.1,50,-95.2,-94.4,50,,,29,82,34.1,1,49,26.2
2025,2025-12-02,call,10:00,622.5,3.39,OTM2,624,0.83,0.85,25,31.3,50,-88.0,-85.5,31.3,50,-98.8,-97.6,50,,,29,81,31.3,1,49,22.9
2025,2025-12-02,call,10:00,622.5,3.39,OTM3,625,0.5,0.85,25,32.0,1,-88.0,-86.0,32.0,1,-100.0,-98.0,0,,,28,81,28.0,1,49,18.0
2025,2025-12-03,put,09:53,618.44,2.08,ATM,618,1.92,3.47,167,0.0,0,-94.8,-94.8,0.0,0,-100.0,-99.5,,,,8,39,-38.5,0,,
2025,2025-12-03,put,09:53,618.44,2.08,OTM1,617,1.51,3.47,167,0.0,0,-100.0,-94.7,0.0,0,-100.0,-99.3,,,,8,41,-39.7,0,,
2025,2025-12-03,put,09:53,618.44,2.08,OTM2,616,1.21,3.47,167,0.0,0,-100.0,-95.0,0.0,0,-100.0,-99.2,,,,6,41,-42.1,0,,
2025,2025-12-03,put,09:53,618.44,2.08,OTM3,615,0.95,3.47,167,0.0,0,-100.0,-94.7,0.0,0,-100.0,-100.0,,,,6,41,-31.6,0,,
2025,2025-12-04,put,10:25,620.47,3.88,ATM,620,1.56,0.82,21,3.2,0,-88.5,-87.2,3.2,0,-99.4,-99.4,,,,8,83,2.6,1,237,-12.8
2025,2025-12-04,put,10:25,620.47,3.88,OTM1,619,1.19,0.82,21,4.2,0,-90.8,-90.8,4.2,0,-100.0,-99.2,,,,8,82,0.8,1,237,-24.4
2025,2025-12-04,put,10:25,620.47,3.88,OTM2,618,0.89,0.82,21,4.5,0,-92.1,-91.0,4.5,0,-100.0,-100.0,,,,5,81,-2.2,1,237,-32.6
2025,2025-12-04,put,10:25,620.47,3.88,OTM3,617,0.67,0.82,21,4.5,0,-100.0,-91.0,4.5,0,-100.0,-98.5,,,,5,80,-3.0,1,237,-41.8
2025,2025-12-05,call,09:53,626.98,2.47,ATM,627,1.54,0.86,35,70.1,23,-90.9,-80.5,70.1,23,-99.4,-99.4,11,18,,62,97,-30.5,1,11,32.5
2025,2025-12-05,call,09:53,626.98,2.47,OTM1,628,1.02,0.86,35,84.3,23,-90.2,-87.3,84.3,23,-100.0,-99.0,6,16,,62,81,-37.3,1,11,38.2
2025,2025-12-05,call,09:53,626.98,2.47,OTM2,629,0.64,0.86,35,96.9,23,-92.2,-90.6,96.9,23,-100.0,-100.0,11,12,,58,77,-34.4,1,11,43.8
2025,2025-12-05,call,09:53,626.98,2.47,OTM3,630,0.37,0.86,35,108.1,23,-94.6,-89.2,108.1,23,-100.0,-97.3,9,12,23,57,73,-40.5,1,11,48.6
2025,2025-12-08,put,09:48,625.98,2.14,ATM,626,1.6,0.03,1,130.6,157,-100.0,16.2,169.4,249,-100.0,74.4,36,37,74,114,114,130.6,1,0,19.4
2025,2025-12-08,put,09:48,625.98,2.14,OTM1,625,1.2,0.03,1,133.3,157,-39.2,-5.8,181.7,249,-100.0,69.2,36,37,73,,,,1,0,20.8
2025,2025-12-08,put,09:48,625.98,2.14,OTM2,624,0.89,0.03,1,130.3,157,-41.6,-25.8,179.8,249,-41.6,25.8,36,37,72,,,,1,0,22.5
2025,2025-12-08,put,09:48,625.98,2.14,OTM3,623,0.66,0.03,1,116.7,134,-56.1,-43.9,157.6,249,-78.8,-66.7,36,37,72,189,,-33.3,1,0,24.2
2025,2025-12-09,call,10:02,624.22,2.25,ATM,624,1.38,0.28,12,47.8,123,-40.6,19.6,47.8,123,-40.6,-22.5,120,,,,,,1,41,0.0
2025,2025-12-09,call,10:02,624.22,2.25,OTM1,625,0.86,0.28,12,45.3,123,-47.7,5.8,45.3,123,-82.6,-72.1,120,,,,,,1,41,-4.7
2025,2025-12-09,call,10:02,624.22,2.25,OTM2,626,0.48,0.28,12,31.3,122,-56.3,-20.8,31.3,122,-97.9,-97.9,122,,,12,,31.3,1,41,-10.4
2025,2025-12-09,call,10:02,624.22,2.25,OTM3,627,0.25,0.28,12,0.0,0,-68.0,-48.0,0.0,0,-96.0,-96.0,,,,6,,0.0,1,41,-20.0
2025,2025-12-10,call,09:47,624.26,2.3,ATM,624,2.62,0.27,12,5.0,188,-46.9,-8.0,96.9,333,-100.0,-100.0,,,,,,,1,187,3.4
2025,2025-12-10,call,09:47,624.26,2.3,OTM1,625,2.09,0.27,12,4.3,188,-48.8,-9.6,102.9,332,-48.8,48.8,,,,,,,1,187,3.3
2025,2025-12-10,call,09:47,624.26,2.3,OTM2,626,1.63,0.27,12,4.3,188,-50.9,-12.3,105.5,332,-54.0,42.9,,,,67,,4.3,1,187,2.5
2025,2025-12-10,call,09:47,624.26,2.3,OTM3,627,1.23,0.27,12,4.1,188,-52.8,-11.4,100.0,325,-59.3,5.7,,,,67,,4.1,1,187,2.4
2025,2025-12-11,put,09:45,621.74,2.22,ATM,622,2.28,4.02,181,120.2,14,-68.9,-56.6,120.2,14,-93.9,-92.1,2,3,10,155,,-46.9,0,,
2025,2025-12-11,put,09:45,621.74,2.22,OTM1,621,1.82,4.02,181,136.3,14,-72.0,-61.5,136.3,14,-95.6,-95.1,2,3,8,154,,-51.6,0,,
2025,2025-12-11,put,09:45,621.74,2.22,OTM2,620,1.46,4.02,181,150.0,14,-74.7,-66.4,150.0,14,-96.6,-96.6,2,3,7,42,,62.3,0,,
2025,2025-12-11,put,09:45,621.74,2.22,OTM3,619,1.13,4.02,181,169.9,14,-75.2,-69.0,169.9,14,-100.0,-96.5,2,3,4,42,179,67.3,0,,
2025,2025-12-12,put,09:48,621.13,2.19,ATM,621,1.6,0.91,42,503.7,109,-100.0,-100.0,503.7,109,-100.0,367.5,16,19,20,90,90,503.7,1,15,28.7
2025,2025-12-12,put,09:48,621.13,2.19,OTM1,620,1.2,0.91,42,630.8,109,-100.0,-100.0,630.8,109,-100.0,445.8,15,18,20,126,126,555.8,1,15,30.8
2025,2025-12-12,put,09:48,621.13,2.19,OTM2,619,0.91,0.91,42,763.7,109,-100.0,-100.0,763.7,109,-100.0,508.8,16,18,20,130,130,593.4,1,15,29.7
2025,2025-12-12,put,09:48,621.13,2.19,OTM3,618,0.66,0.91,42,951.5,109,-100.0,380.3,951.5,109,-100.0,601.5,15,18,19,117,117,854.5,1,15,33.3
2025,2025-12-15,put,09:45,614.96,3.03,ATM,615,1.84,6.01,198,222.8,43,-100.0,-100.0,222.8,43,-100.0,139.1,11,14,32,135,135,149.5,0,,
2025,2025-12-15,put,09:45,614.96,3.03,OTM1,614,1.45,6.01,198,246.9,43,-100.0,91.7,246.9,43,-100.0,129.7,11,14,30,162,162,149.7,0,,
2025,2025-12-15,put,09:45,614.96,3.03,OTM2,613,1.13,6.01,198,273.5,43,-50.4,79.6,273.5,43,-50.4,108.0,14,14,30,103,,147.8,0,,
2025,2025-12-15,put,09:45,614.96,3.03,OTM3,612,0.88,6.01,198,298.9,43,-58.0,51.1,298.9,43,-58.0,54.5,14,14,30,102,,134.1,0,,
2025,2025-12-16,call,09:50,611.59,3.3,ATM,612,1.83,0.25,7,17.5,9,-94.0,-93.4,17.5,9,-96.7,-37.2,,,,24,34,-42.6,1,0,8.7
2025,2025-12-16,call,09:50,611.59,3.3,OTM1,613,1.34,0.25,7,19.4,9,-95.5,-94.8,19.4,9,-97.0,-69.4,,,,24,34,-50.0,1,0,10.4
2025,2025-12-16,call,09:50,611.59,3.3,OTM2,614,0.95,0.25,7,17.9,9,-95.8,-94.7,17.9,9,-100.0,-93.7,,,,24,34,-54.7,1,0,9.5
2025,2025-12-17,put,09:46,609.16,3.57,ATM,609,2.21,1.48,41,189.1,137,-100.0,132.1,273.3,368,-100.0,273.3,55,57,65,35,117,189.1,1,52,23.1
2025,2025-12-17,put,09:46,609.16,3.57,OTM1,608,1.8,1.48,41,200.0,137,-100.0,121.7,313.3,368,-100.0,313.3,55,57,65,11,112,200.0,1,52,20.6
2025,2025-12-17,put,09:46,609.16,3.57,OTM2,607,1.44,1.48,41,220.1,124,-100.0,111.1,346.5,368,-100.0,337.5,55,57,58,10,131,220.1,1,52,18.8
2025,2025-12-17,put,09:46,609.16,3.57,OTM3,606,1.15,1.48,41,233.0,125,-100.0,100.0,373.0,368,-100.0,373.0,55,57,58,10,181,233.0,1,52,13.9
2025,2025-12-18,call,10:28,611.12,3.75,ATM,611,1.77,7.32,195,58.2,10,-76.8,-19.2,58.2,10,-97.7,-97.2,8,9,,100,115,-6.8,0,,
2025,2025-12-18,call,10:28,611.12,3.75,OTM1,612,1.25,7.32,195,68.0,10,-80.8,-29.6,68.0,10,-99.2,-99.2,8,9,,98,108,-16.8,0,,
2025,2025-12-18,call,10:28,611.12,3.75,OTM2,613,0.82,7.32,195,81.7,10,-84.1,-41.5,81.7,10,-98.8,-98.8,8,8,,97,105,-28.0,0,,
2025,2025-12-18,call,10:28,611.12,3.75,OTM3,614,0.51,7.32,195,94.1,10,-86.3,-52.9,94.1,10,-100.0,-98.0,6,8,,96,102,-43.1,0,,
2025,2025-12-19,call,09:47,616.81,4.5,ATM,617,1.75,1.51,34,9.7,12,-81.1,-58.3,9.7,12,-92.0,-90.3,,,,33,70,-35.4,0,,
2025,2025-12-19,call,09:47,616.81,4.5,OTM1,618,1.21,1.51,34,9.1,12,-87.6,-73.6,9.1,12,-99.2,-97.5,,,,27,39,-37.2,0,,
2025,2025-12-19,call,09:47,616.81,4.5,OTM2,619,0.8,1.51,34,3.7,0,-92.5,-86.2,3.7,0,-100.0,-97.5,,,,19,38,-33.8,0,,
2025,2025-12-19,call,09:47,616.81,4.5,OTM3,620,0.49,1.51,34,2.0,0,-95.9,-91.8,2.0,0,-98.0,-98.0,,,,7,36,-4.1,0,,
2025,2025-12-22,put,10:35,618.51,2.89,ATM,619,1.29,2.18,75,39.5,0,-84.5,-81.4,39.5,0,-96.1,-93.0,0,,,34,83,-46.5,0,,
2025,2025-12-22,put,10:35,618.51,2.89,OTM1,618,0.86,2.18,75,45.3,0,-89.5,-88.4,45.3,0,-98.8,-98.8,0,,,30,75,-41.9,0,,
2025,2025-12-22,put,10:35,618.51,2.89,OTM2,617,0.57,2.18,75,50.9,0,-89.5,-87.7,50.9,0,-100.0,-98.2,0,0,,21,44,-36.8,0,,
2025,2025-12-22,put,10:35,618.51,2.89,OTM3,616,0.38,2.18,75,55.3,0,-100.0,-86.8,55.3,0,-100.0,-94.7,0,0,,19,44,-39.5,0,,
2025,2025-12-23,call,09:47,620.44,2.36,ATM,620,1.27,1.08,46,18.9,143,-78.7,-20.5,74.0,367,-78.7,71.7,,,,8,15,18.9,1,258,26.0
2025,2025-12-23,call,09:47,620.44,2.36,OTM1,621,0.74,1.08,46,17.6,1,-82.4,-52.7,62.2,367,-82.4,60.8,,,,7,14,-2.7,1,258,-5.4
2025,2025-12-23,call,09:47,620.44,2.36,OTM2,622,0.37,1.08,46,21.6,0,-86.5,-75.7,21.6,0,-89.2,-45.9,,,,6,13,-32.4,1,258,-54.1
2025,2025-12-23,call,09:47,620.44,2.36,OTM3,623,0.17,1.08,46,29.4,1,-100.0,-76.5,29.4,1,-100.0,-94.1,,,,6,13,-52.9,1,258,-76.5
2025,2025-12-24,call,10:12,622.8,1.05,ATM,623,0.4,0.99,94,247.5,166,-57.5,72.5,247.5,166,-100.0,-100.0,60,69,81,11,,247.5,1,84,190.0
2025,2025-12-24,call,10:12,622.8,1.05,OTM1,624,0.12,0.99,94,300.0,84,-58.3,-41.7,300.0,84,-100.0,-100.0,61,79,81,11,,300.0,1,84,300.0
2025,2025-12-24,call,10:12,622.8,1.05,OTM2,625,0.05,0.99,94,160.0,84,-100.0,-80.0,160.0,84,-100.0,-100.0,83,84,84,15,18,160.0,1,84,160.0
2025,2025-12-24,call,10:12,622.8,1.05,OTM3,626,0.02,0.99,94,100.0,84,-100.0,-50.0,100.0,84,-100.0,-100.0,0,84,84,14,18,100.0,1,84,100.0
2025,2025-12-26,put,10:01,623.53,1.58,ATM,624,1.22,0.4,25,18.9,14,-71.3,-67.2,18.9,14,-92.6,-81.1,,,,29,,-26.2,0,,
2025,2025-12-26,put,10:01,623.53,1.58,OTM1,623,0.79,0.4,25,17.7,14,-79.7,-79.7,17.7,14,-98.7,-97.5,,,,29,62,-36.7,0,,
2025,2025-12-26,put,10:01,623.53,1.58,OTM2,622,0.51,0.4,25,17.6,0,-84.3,-84.3,17.6,0,-100.0,-96.1,,,,27,60,-43.1,0,,
2025,2025-12-26,put,10:01,623.53,1.58,OTM3,621,0.33,0.4,25,21.2,0,-100.0,-81.8,21.2,0,-100.0,-97.0,,,,27,58,-45.5,0,,
2025,2025-12-29,put,12:27,619.01,3.67,ATM,619,0.72,,,25.0,0,-68.1,-55.6,25.0,0,-98.6,-98.6,,,,22,,-54.2,0,,
2025,2025-12-29,put,12:27,619.01,3.67,OTM1,618,0.39,,,28.2,0,-71.8,-64.1,28.2,0,-100.0,-94.9,,,,18,,-48.7,0,,
2025,2025-12-29,put,12:27,619.01,3.67,OTM2,617,0.21,,,28.6,0,-66.7,-61.9,28.6,0,-100.0,-95.2,,,,18,,-47.6,0,,
2025,2025-12-29,put,12:27,619.01,3.67,OTM3,616,0.12,,,41.7,0,-66.7,-58.3,41.7,0,-100.0,-91.7,0,,,18,,-41.7,0,,
2025,2025-12-30,put,09:45,619.54,1.22,ATM,620,1.41,0.7,57,7.1,0,-86.5,-72.3,7.1,0,-95.0,-82.3,,,,4,75,-12.8,0,,
2025,2025-12-30,put,09:45,619.54,1.22,OTM1,619,0.96,0.7,57,8.3,0,-88.5,-82.3,8.3,0,-99.0,-97.9,,,,3,71,-17.7,0,,
2025,2025-12-30,put,09:45,619.54,1.22,OTM2,618,0.65,0.7,57,7.7,0,-100.0,-86.2,7.7,0,-100.0,-98.5,,,,3,67,-21.5,0,,
2025,2025-12-30,put,09:45,619.54,1.22,OTM3,617,0.43,0.7,57,11.6,0,-100.0,-100.0,11.6,0,-100.0,-97.7,,,,3,68,-23.3,0,,
2026,2026-01-02,call,09:47,621.79,2.27,OTM1,623,0.69,0.21,9,69.6,2,-100.0,-98.6,69.6,2,-100.0,-98.6,2,2,,19,23,-55.1,1,0,29.0
2026,2026-01-02,call,09:47,621.79,2.27,OTM2,624,0.36,0.21,9,97.2,2,-100.0,-97.2,97.2,2,-100.0,-100.0,0,2,,11,22,16.7,1,0,36.1
2026,2026-01-02,call,09:47,621.79,2.27,OTM3,625,0.17,0.21,9,123.5,2,-100.0,-94.1,123.5,2,-100.0,-94.1,0,2,2,11,21,11.8,1,0,41.2
2026,2026-01-05,call,10:28,620.05,3.26,OTM2,622,0.32,0.87,27,15.6,4,-100.0,-87.5,15.6,4,-100.0,-100.0,,,,13,95,0.0,0,,
2026,2026-01-05,call,10:28,620.05,3.26,OTM3,623,0.16,0.87,27,6.3,4,-100.0,-81.2,6.3,4,-100.0,-100.0,,,,10,86,-12.5,0,,
2026,2026-01-06,call,09:45,620.44,1.61,OTM3,623,0.24,2.07,128,220.8,15,-79.2,-12.5,316.7,356,-79.2,229.2,1,1,5,69,111,125.0,1,40,200.0
2026,2026-01-07,call,09:46,624.91,2.22,OTM2,627,0.44,0.69,31,190.9,177,-70.5,77.3,190.9,177,-97.7,-95.5,116,118,119,13,,190.9,1,48,4.5
2026,2026-01-07,call,09:46,624.91,2.22,OTM3,628,0.23,0.69,31,178.3,142,-78.3,34.8,178.3,142,-95.7,-95.7,118,118,130,13,14,178.3,1,48,-4.3
2026,2026-01-08,put,09:59,618.61,4.55,OTM3,616,0.79,2.21,49,21.5,1,-89.9,-86.1,21.5,1,-100.0,-98.7,,,,8,106,-22.8,0,,
2026,2026-01-09,put,10:08,619.6,3.42,OTM1,619,1.55,1.65,48,5.2,0,-100.0,-96.8,5.2,0,-100.0,-100.0,,,,3,13,-51.0,0,,
2026,2026-01-09,put,10:08,619.6,3.42,OTM2,618,1.19,1.65,48,7.6,0,-100.0,-95.8,7.6,0,-100.0,-100.0,,,,3,13,-52.1,0,,
2026,2026-01-09,put,10:08,619.6,3.42,OTM3,617,0.93,1.65,48,6.5,0,-100.0,-95.7,6.5,0,-100.0,-100.0,,,,3,11,-53.8,0,,
2026,2026-01-12,call,09:50,626.09,3.54,OTM2,628,0.49,3.86,109,32.7,0,-69.4,-22.4,98.0,311,-89.8,-89.8,0,,,14,,16.3,0,,
2026,2026-01-12,call,09:50,626.09,3.54,OTM3,629,0.28,3.86,109,28.6,0,-71.4,-57.1,28.6,0,-96.4,-92.9,,,,12,,-7.1,0,,
2026,2026-01-13,put,10:02,626.2,2.68,OTM1,625,1.08,0.07,3,93.5,24,-89.8,-11.1,93.5,24,-96.3,-94.4,17,18,,73,99,15.7,1,0,11.1
2026,2026-01-13,put,10:02,626.2,2.68,OTM2,624,0.78,0.07,3,100.0,24,-89.7,-20.5,100.0,24,-98.7,-97.4,17,18,24,70,92,5.1,1,0,14.1
2026,2026-01-13,put,10:02,626.2,2.68,OTM3,623,0.57,0.07,3,101.8,24,-100.0,-31.6,101.8,24,-100.0,-98.2,18,18,24,63,91,-3.5,1,0,12.3
2026,2026-01-14,put,09:45,619.29,4.01,OTM3,616,1.08,1.42,35,85.2,129,-72.2,32.4,85.2,129,-99.1,-98.1,14,14,,26,,85.2,1,14,72.2
2026,2026-01-15,put,09:51,624.88,2.23,OTM2,623,0.92,0.74,33,16.3,60,-83.7,-68.5,129.3,347,-90.2,75.0,,,,30,91,16.3,1,54,3.3
2026,2026-01-15,put,09:51,624.88,2.23,OTM3,622,0.69,0.74,33,11.6,60,-84.1,-69.6,94.2,329,-100.0,10.1,,,,27,91,11.6,1,54,-1.4
2026,2026-01-16,put,09:50,624.33,1.71,OTM2,622,0.64,0.31,18,456.2,52,-1.6,143.8,456.2,52,-45.3,32.8,3,4,6,,,,1,1,15.6
2026,2026-01-16,put,09:50,624.33,1.71,OTM3,621,0.46,0.31,18,500.0,51,-17.4,108.7,500.0,51,-73.9,-52.2,3,3,5,,,,1,1,17.4
2026,2026-01-20,call,09:51,613.36,2.97,ATM,613,2.63,1.53,52,7.6,79,-76.4,-71.1,7.6,79,-100.0,-100.0,,,,17,180,7.6,1,78,2.7
2026,2026-01-20,call,09:51,613.36,2.97,OTM1,614,2.1,1.53,52,1.4,79,-82.4,-78.6,1.4,79,-100.0,-99.5,,,,16,172,1.4,1,78,-3.8
2026,2026-01-20,call,09:51,613.36,2.97,OTM2,615,1.64,1.53,52,1.8,0,-87.2,-84.1,1.8,0,-100.0,-100.0,,,,15,159,-6.1,1,78,-12.2
2026,2026-01-20,call,09:51,613.36,2.97,OTM3,616,1.26,1.53,52,0.0,0,-90.5,-88.1,0.0,0,-100.0,-100.0,,,,15,148,-14.3,1,78,-23.0
2026,2026-01-21,call,09:47,610.45,2.27,OTM1,611,1.7,0.6,27,240.0,84,-100.0,-52.9,430.0,311,-100.0,200.0,4,9,28,90,90,217.6,1,4,37.6
2026,2026-01-21,call,09:47,610.45,2.27,OTM2,612,1.24,0.6,27,288.7,84,-74.2,-62.1,570.2,312,-100.0,222.6,4,7,28,137,,-38.7,1,4,41.9
2026,2026-01-21,call,09:47,610.45,2.27,OTM3,613,0.88,0.6,27,344.3,84,-79.5,-70.5,734.1,312,-100.0,262.5,4,5,10,130,145,-28.4,1,4,44.3
2026,2026-01-22,put,09:46,619.53,2.9,ATM,620,2.09,3.71,128,50.7,13,-86.1,-84.7,50.7,13,-92.3,-88.0,1,13,,85,163,-44.0,0,,
2026,2026-01-22,put,09:46,619.53,2.9,OTM3,617,1.02,3.71,128,58.8,2,-90.2,-89.2,58.8,2,-100.0,-100.0,1,2,,56,98,-31.4,0,,
2026,2026-01-23,call,09:58,620.82,2.15,ATM,621,1.4,2.0,93,229.3,65,-100.0,7.9,229.3,65,-100.0,22.1,3,5,23,104,104,189.3,1,23,104.3
2026,2026-01-23,call,09:58,620.82,2.15,OTM1,622,0.94,2.0,93,292.6,65,-100.0,-4.3,292.6,65,-100.0,-10.6,1,3,23,87,87,240.4,1,23,127.7
2026,2026-01-23,call,09:58,620.82,2.15,OTM2,623,0.58,2.0,93,382.8,64,-25.9,-20.7,382.8,64,-89.7,-72.4,1,3,22,,,,1,23,158.6
2026,2026-01-23,call,09:58,620.82,2.15,OTM3,624,0.34,2.0,93,485.3,64,-38.2,-35.3,485.3,64,-97.1,-94.1,1,3,5,,,,1,23,191.2
2026,2026-01-26,call,09:46,625.13,2.95,ATM,625,1.42,0.76,26,91.5,105,-35.2,25.4,91.5,105,-100.0,-54.9,33,66,,,,,1,32,29.6
2026,2026-01-26,call,09:46,625.13,2.95,OTM1,626,0.9,0.76,26,108.9,105,-43.3,12.2,108.9,105,-91.1,-90.0,33,34,105,,,,1,32,30.0
2026,2026-01-26,call,09:46,625.13,2.95,OTM2,627,0.51,0.76,26,123.5,105,-51.0,-15.7,123.5,105,-98.0,-96.1,32,34,104,25,,123.5,1,32,31.4
2026,2026-01-26,call,09:46,625.13,2.95,OTM3,628,0.28,0.76,26,107.1,105,-57.1,-50.0,107.1,105,-96.4,-96.4,33,103,105,23,,107.1,1,32,21.4
2026,2026-01-27,call,09:53,629.98,2.29,ATM,630,1.19,0.58,25,83.2,85,-9.2,-8.4,83.2,85,-24.4,-11.8,1,16,,,,,1,1,33.6
2026,2026-01-27,call,09:53,629.98,2.29,OTM1,631,0.69,0.58,25,101.4,85,-29.0,-27.5,101.4,85,-65.2,-53.6,1,9,85,,,,1,1,43.5
2026,2026-01-27,call,09:53,629.98,2.29,OTM2,632,0.36,0.58,25,105.6,85,-55.6,-52.8,105.6,85,-97.2,-91.7,1,1,50,184,,-44.4,1,1,55.6
2026,2026-01-27,call,09:53,629.98,2.29,OTM3,633,0.16,0.58,25,118.7,52,-62.5,-62.5,118.7,52,-93.8,-93.8,1,1,16,145,,-12.5,1,1,68.8
2026,2026-01-28,put,10:32,634.48,1.89,OTM1,633,1.8,1.57,83,69.4,81,-11.1,29.4,69.4,81,-49.4,-34.4,25,69,,,,,1,63,40.6
2026,2026-01-28,put,10:32,634.48,1.89,OTM2,632,1.5,1.57,83,70.0,81,-13.3,24.7,70.0,81,-58.0,-45.3,50,69,,,,,1,63,39.3
2026,2026-01-28,put,10:32,634.48,1.89,OTM3,631,1.2,1.57,83,75.8,81,-11.7,24.2,75.8,81,-63.3,-52.5,24,69,,,,,1,63,41.7
2026,2026-01-29,put,09:46,627.75,5.46,ATM,628,2.83,0.22,4,245.2,68,-100.0,48.8,245.2,68,-100.0,-92.2,13,13,27,73,73,242.8,1,0,6.0
2026,2026-01-29,put,09:46,627.75,5.46,OTM3,625,1.65,0.22,4,340.0,68,-100.0,29.1,340.0,68,-100.0,-98.2,13,13,16,73,73,327.3,1,0,6.7
2026,2026-01-30,put,10:29,624.76,3.03,ATM,625,2.2,4.01,132,68.6,150,-65.0,63.2,164.5,173,-100.0,52.3,94,97,,10,,68.6,1,168,106.4
2026,2026-01-30,put,10:29,624.76,3.03,OTM2,623,1.4,4.01,132,63.6,150,-67.1,56.4,190.0,173,-67.1,-1.4,95,97,,9,,63.6,1,168,106.4
2026,2026-01-30,put,10:29,624.76,3.03,OTM3,622,1.1,4.01,132,59.1,150,-69.1,47.3,200.0,173,-75.5,-43.6,95,98,,6,,59.1,1,168,101.8
2026,2026-02-13,call,09:45,601.85,5.38,ATM,602,3.14,1.09,20,49.7,176,-42.4,18.5,49.7,176,-100.0,-94.6,47,,,,,,1,2,20.4
2026,2026-02-13,call,09:45,601.85,5.38,OTM1,603,2.61,1.09,20,45.6,176,-47.1,16.1,45.6,176,-100.0,-98.9,47,,,,,,1,2,21.8
2026,2026-02-13,call,09:45,601.85,5.38,OTM2,604,2.16,1.09,20,39.4,47,-52.3,3.7,39.4,47,-99.5,-99.5,47,,,97,,38.9,1,2,23.1
2026,2026-02-13,call,09:45,601.85,5.38,OTM3,605,1.76,1.09,20,39.2,47,-57.4,-9.1,39.2,47,-99.4,-98.9,47,,,63,,31.2,1,2,27.8
2026,2026-02-17,put,09:50,596.57,5.08,OTM1,596,2.81,5.05,99,48.4,9,-87.9,-79.0,48.4,9,-100.0,-99.6,4,,,70,80,-50.9,0,,
2026,2026-02-17,put,09:50,596.57,5.08,OTM2,595,2.41,5.05,99,48.1,9,-89.6,-81.3,48.1,9,-100.0,-100.0,4,,,70,78,-54.4,0,,
2026,2026-02-17,put,09:50,596.57,5.08,OTM3,594,2.02,5.05,99,52.0,9,-91.1,-86.1,52.0,9,-100.0,-99.5,4,9,,70,77,-57.9,0,,
2026,2026-02-18,call,09:45,603.68,2.82,ATM,604,2.26,1.99,70,158.4,141,-100.0,-100.0,160.6,197,-100.0,8.0,12,16,20,73,73,158.4,1,12,40.3
2026,2026-02-18,call,09:45,603.68,2.82,OTM1,605,1.74,1.99,70,181.0,141,-100.0,-100.0,181.0,141,-100.0,-13.8,12,16,19,96,96,181.0,1,12,44.3
2026,2026-02-18,call,09:45,603.68,2.82,OTM2,606,1.3,1.99,70,207.7,141,-100.0,165.4,207.7,141,-100.0,-52.3,12,15,18,99,99,207.7,1,12,49.2
2026,2026-02-18,call,09:45,603.68,2.82,OTM3,607,0.92,1.99,70,237.0,141,-41.3,177.2,237.0,141,-98.9,-89.1,12,12,18,,,,1,12,56.5
2026,2026-02-19,call,09:53,604.08,2.86,ATM,604,2.35,1.16,41,34.0,9,-83.4,-80.9,34.0,9,-99.1,-98.3,9,,,112,174,-31.9,1,9,34.0
2026,2026-02-19,call,09:53,604.08,2.86,OTM1,605,1.83,1.16,41,37.2,9,-88.5,-86.3,37.2,9,-100.0,-99.5,9,,,110,171,-42.6,1,9,37.2
2026,2026-02-19,call,09:53,604.08,2.86,OTM2,606,1.35,1.16,41,43.0,9,-91.9,-90.4,43.0,9,-100.0,-99.3,9,,,107,117,-48.9,1,9,43.0
2026,2026-02-19,call,09:53,604.08,2.86,OTM3,607,0.97,1.16,41,47.4,9,-93.8,-92.8,47.4,9,-100.0,-99.0,9,,,73,112,-3.1,1,9,47.4
2026,2026-02-20,call,09:46,605.8,6.48,ATM,606,2.42,0.14,2,98.3,77,-51.7,13.6,98.3,77,-100.0,-1.7,14,14,,157,,15.7,1,14,81.0
2026,2026-02-20,call,09:46,605.8,6.48,OTM1,607,1.9,0.14,2,107.4,75,-57.4,7.9,107.4,75,-61.1,-23.7,14,14,75,9,,107.4,1,14,92.1
2026,2026-02-20,call,09:46,605.8,6.48,OTM2,608,1.44,0.14,2,119.4,15,-63.9,-1.4,119.4,15,-79.2,-61.8,14,14,14,6,,119.4,1,14,109.7
2026,2026-02-20,call,09:46,605.8,6.48,OTM3,609,1.05,0.14,2,145.7,15,-70.5,-12.4,145.7,15,-96.2,-92.4,14,14,14,4,,145.7,1,14,138.1
2026,2026-02-23,put,09:45,603.87,3.85,ATM,604,2.32,1.97,51,128.4,90,-100.0,34.9,128.4,90,-100.0,52.2,66,71,78,142,142,105.2,1,66,42.2
2026,2026-02-24,call,09:45,605.24,5.22,ATM,605,2.41,1.4,27,68.5,146,-100.0,37.3,69.3,197,-100.0,17.0,44,144,,14,168,68.5,1,41,15.4
2026,2026-02-24,call,09:45,605.24,5.22,OTM1,606,1.86,1.4,27,68.8,146,-54.8,29.0,68.8,146,-100.0,-1.6,44,144,,14,,68.8,1,41,11.3
2026,2026-02-24,call,09:45,605.24,5.22,OTM2,607,1.39,1.4,27,65.5,145,-59.7,15.1,65.5,145,-69.1,-36.7,44,144,,14,,65.5,1,41,5.8
2026,2026-02-24,call,09:45,605.24,5.22,OTM3,608,0.99,1.4,27,56.6,145,-65.7,-7.1,56.6,145,-90.9,-82.8,87,145,,14,,56.6,1,41,-2.0
2026,2026-02-25,call,09:45,614.4,2.91,ATM,614,2.3,0.35,12,41.3,14,-26.5,17.8,47.8,366,-100.0,39.1,5,,,,,,1,1,18.7
2026,2026-02-25,call,09:45,614.4,2.91,OTM1,615,1.74,0.35,12,48.3,14,-30.5,16.7,55.2,366,-30.5,44.3,5,,,,,,1,1,21.8
2026,2026-02-25,call,09:45,614.4,2.91,OTM2,616,1.27,0.35,12,55.1,14,-34.6,14.2,64.6,366,-34.6,50.4,5,14,,,,,1,1,23.6
2026,2026-02-25,call,09:45,614.4,2.91,OTM3,617,0.87,0.35,12,67.8,14,-39.1,13.8,80.5,366,-39.1,60.9,5,12,,,,,1,1,28.7
2026,2026-02-26,put,09:48,612.59,2.8,ATM,613,2.57,3.64,130,259.1,45,-100.0,184.0,259.1,45,-100.0,63.0,12,23,26,78,78,190.3,1,25,84.4
2026,2026-02-26,put,09:48,612.59,2.8,OTM1,612,2.15,3.64,130,279.1,45,-100.0,-100.0,279.1,45,-100.0,48.4,12,23,26,72,72,212.6,1,25,87.9
2026,2026-02-26,put,09:48,612.59,2.8,OTM3,610,1.46,3.64,130,345.2,45,-100.0,211.0,345.2,45,-100.0,-12.3,12,23,26,154,154,232.9,1,25,93.8
2026,2026-02-27,call,09:48,605.59,3.04,ATM,606,2.2,3.83,126,31.4,56,-49.5,-40.0,31.4,56,-86.8,-55.5,56,,,,,,0,,
2026,2026-02-27,call,09:48,605.59,3.04,OTM1,607,1.71,3.83,126,29.8,56,-58.5,-50.3,29.8,56,-93.0,-81.9,,,,153,,-12.3,0,,
2026,2026-02-27,call,09:48,605.59,3.04,OTM2,608,1.28,3.83,126,28.1,23,-66.4,-62.5,28.1,23,-96.9,-94.5,,,,120,,15.6,0,,
2026,2026-02-27,call,09:48,605.59,3.04,OTM3,609,0.93,3.83,126,28.0,22,-75.3,-71.0,28.0,22,-100.0,-96.8,,,,113,180,3.2,0,,
2026,2026-03-02,call,09:49,604.9,6.75,ATM,605,2.35,0.36,5,94.0,154,-100.0,85.5,108.9,287,-100.0,55.7,111,115,,159,159,90.2,1,14,-3.0
2026,2026-03-02,call,09:49,604.9,6.75,OTM1,606,1.84,0.36,5,96.7,154,-100.0,76.6,110.9,298,-100.0,42.4,111,115,,97,175,96.7,1,14,-4.3
2026,2026-03-02,call,09:49,604.9,6.75,OTM2,607,1.39,0.36,5,99.3,154,-64.7,73.4,112.2,297,-100.0,15.8,113,116,,10,,99.3,1,14,-7.9
2026,2026-03-02,call,09:49,604.9,6.75,OTM3,608,1.01,0.36,5,98.0,154,-73.3,58.4,103.0,297,-80.2,-18.8,114,117,,10,,98.0,1,14,-10.9
2026,2026-03-03,put,09:49,595.54,3.81,OTM2,594,2.32,2.14,56,63.8,38,-91.4,-91.4,63.8,38,-100.0,-99.6,31,35,,75,95,-48.3,1,30,28.9
2026,2026-03-03,put,09:49,595.54,3.81,OTM3,593,1.95,2.14,56,64.6,39,-92.3,-92.3,64.6,39,-100.0,-99.5,31,35,,75,94,-52.8,1,30,27.2
2026,2026-03-04,call,10:01,606.97,3.2,ATM,607,2.22,4.27,134,133.3,178,-100.0,133.3,166.7,256,-100.0,82.0,18,19,27,124,124,133.3,1,60,114.4
2026,2026-03-04,call,10:01,606.97,3.2,OTM1,608,1.69,4.27,134,151.5,178,-100.0,151.5,191.7,231,-100.0,84.6,17,19,25,137,137,151.5,1,60,130.8
2026,2026-03-04,call,10:01,606.97,3.2,OTM2,609,1.27,4.27,134,162.2,178,-100.0,159.8,213.4,231,-100.0,67.7,17,19,24,145,145,162.2,1,60,146.5
2026,2026-03-05,call,09:51,611.18,3.38,ATM,611,2.24,3.3,98,32.1,8,-94.6,-94.2,32.1,8,-100.0,-99.6,8,,,32,39,-41.1,0,,
2026,2026-03-05,call,09:51,611.18,3.38,OTM1,612,1.72,3.3,98,34.3,8,-94.2,-93.6,34.3,8,-100.0,-98.8,8,,,30,38,-44.8,0,,
2026,2026-03-05,call,09:51,611.18,3.38,OTM2,613,1.28,3.3,98,35.9,8,-93.8,-93.8,35.9,8,-100.0,-99.2,8,,,30,38,-49.2,0,,
2026,2026-03-05,call,09:51,611.18,3.38,OTM3,614,0.89,3.3,98,40.4,8,-100.0,-92.1,40.4,8,-100.0,-98.9,8,,,30,38,-51.7,0,,
2026,2026-03-06,call,10:00,601.62,2.93,ATM,602,2.67,1.57,53,70.4,123,-31.1,-15.0,70.4,123,-99.6,-99.6,29,35,,,,,1,22,29.2
2026,2026-03-06,call,10:00,601.62,2.93,OTM1,603,2.21,1.57,53,70.1,123,-37.1,-23.5,70.1,123,-99.5,-99.5,29,35,,,,,1,22,29.9
2026,2026-03-06,call,10:00,601.62,2.93,OTM2,604,1.82,1.57,53,65.9,123,-45.1,-33.0,65.9,123,-100.0,-99.5,29,35,,,,,1,22,28.6
2026,2026-03-06,call,10:00,601.62,2.93,OTM3,605,1.48,1.57,53,61.5,37,-52.7,-43.2,61.5,37,-100.0,-100.0,29,35,,161,,-21.6,1,22,25.7
2026,2026-03-09,put,09:45,592.25,4.15,ATM,592,2.68,3.15,76,19.4,9,-100.0,-95.5,19.4,9,-100.0,-100.0,,,,39,60,-22.8,0,,
2026,2026-03-09,put,09:45,592.25,4.15,OTM3,589,1.54,3.15,76,22.7,9,-100.0,-94.8,22.7,9,-100.0,-100.0,,,,18,58,7.1,0,,
2026,2026-03-10,put,09:58,606.99,2.94,OTM2,605,1.6,1.72,59,33.1,10,-100.0,-91.9,33.1,10,-100.0,-91.9,10,,,31,43,-43.8,0,,
2026,2026-03-10,put,09:58,606.99,2.94,OTM3,604,1.28,1.72,59,32.8,10,-100.0,-100.0,32.8,10,-100.0,-96.1,10,,,29,43,-39.1,0,,
2026,2026-03-11,put,09:50,608.72,1.91,OTM2,607,1.67,0.49,26,61.7,117,-62.3,-52.7,67.7,227,-95.8,-92.8,43,116,,9,,61.7,1,34,7.2
2026,2026-03-11,put,09:50,608.72,1.91,OTM3,606,1.35,0.49,26,57.0,117,-64.4,-60.7,63.7,227,-99.3,-97.8,43,117,,9,,57.0,1,34,4.4
2026,2026-03-12,put,09:45,601.64,2.18,ATM,602,2.6,0.64,29,92.3,87,-100.0,5.8,92.3,87,-100.0,53.5,1,10,,90,90,85.8,1,1,30.4
2026,2026-03-12,put,09:45,601.64,2.18,OTM3,599,1.39,0.64,29,110.8,87,-44.6,-16.5,110.8,87,-68.3,7.2,1,9,52,,,,1,1,38.8
2026,2026-03-13,call,09:45,603.36,3.85,ATM,603,2.25,3.23,84,6.7,0,-97.8,-97.8,6.7,0,-100.0,-99.6,,,,23,56,-43.1,0,,
2026,2026-03-13,call,09:45,603.36,3.85,OTM1,604,1.73,3.23,84,6.4,0,-100.0,-97.7,6.4,0,-100.0,-100.0,,,,22,54,-46.2,0,,
2026,2026-03-13,call,09:45,603.36,3.85,OTM2,605,1.26,3.23,84,7.9,0,-100.0,-97.6,7.9,0,-100.0,-100.0,,,,17,49,-34.1,0,,
2026,2026-03-13,call,09:45,603.36,3.85,OTM3,606,0.89,3.23,84,9.0,0,-100.0,-97.8,9.0,0,-100.0,-98.9,,,,16,49,-37.1,0,,
2026,2026-04-06,call,09:50,588.93,3.05,ATM,589,2.05,1.06,35,34.1,9,-83.9,-81.0,34.1,9,-98.5,-97.6,9,,,14,94,-9.8,1,9,34.1
2026,2026-04-06,call,09:50,588.93,3.05,OTM1,590,1.55,1.06,35,34.8,9,-88.4,-85.2,34.8,9,-99.4,-99.4,9,,,13,92,-13.5,1,9,34.8
2026,2026-04-06,call,09:50,588.93,3.05,OTM2,591,1.14,1.06,35,36.8,9,-100.0,-87.7,36.8,9,-100.0,-98.2,9,,,13,57,-17.5,1,9,36.8
2026,2026-04-06,call,09:50,588.93,3.05,OTM3,592,0.8,1.06,35,37.5,9,-100.0,-87.5,37.5,9,-100.0,-98.8,9,,,13,54,-20.0,1,9,37.5
2026,2026-04-07,put,09:46,584.2,2.72,ATM,584,2.08,2.17,80,179.8,79,-100.0,-46.6,179.8,79,-100.0,-97.1,12,13,19,96,96,96.6,1,14,63.5
2026,2026-04-07,put,09:46,584.2,2.72,OTM1,583,1.66,2.17,80,203.6,78,-63.9,-51.8,203.6,78,-98.2,-97.6,12,13,19,178,,-42.8,1,14,66.9
2026,2026-04-07,put,09:46,584.2,2.72,OTM2,582,1.35,2.17,80,216.3,79,-68.9,-60.0,216.3,79,-99.3,-98.5,12,13,19,177,,-49.6,1,14,64.4
2026,2026-04-07,put,09:46,584.2,2.72,OTM3,581,1.02,2.17,80,249.0,79,-68.6,-61.8,249.0,79,-99.0,-98.0,12,13,18,156,,-29.4,1,14,71.6
2026,2026-04-08,put,09:51,605.89,3.88,ATM,606,2.23,3.12,80,90.6,64,-78.9,-75.8,90.6,64,-83.0,-46.2,61,63,,129,180,-35.0,1,64,90.6
2026,2026-04-08,put,09:51,605.89,3.88,OTM1,605,1.82,3.12,80,86.8,64,-81.9,-79.7,86.8,64,-89.0,-72.5,61,63,,117,169,-45.6,1,64,86.8
2026,2026-04-08,put,09:51,605.89,3.88,OTM2,604,1.49,3.12,80,87.9,64,-83.9,-81.9,87.9,64,-92.6,-89.9,63,64,,114,161,-51.0,1,64,87.9
2026,2026-04-08,put,09:51,605.89,3.88,OTM3,603,1.24,3.12,80,81.5,64,-85.5,-84.7,81.5,64,-97.6,-96.8,63,64,,105,131,-37.9,1,64,81.5
2026,2026-04-09,put,09:56,604.37,2.17,ATM,604,1.44,2.31,106,34.0,39,-91.0,-88.2,34.0,39,-100.0,-99.3,30,,,75,96,-48.6,0,,
2026,2026-04-09,put,09:56,604.37,2.17,OTM1,603,1.09,2.31,106,27.5,36,-89.9,-89.0,27.5,36,-100.0,-99.1,,,,58,95,-28.4,0,,
2026,2026-04-09,put,09:56,604.37,2.17,OTM2,602,0.83,2.31,106,20.5,30,-89.2,-89.2,20.5,30,-100.0,-98.8,,,,56,95,-34.9,0,,
2026,2026-04-09,put,09:56,604.37,2.17,OTM3,601,0.63,2.31,106,14.3,30,-100.0,-100.0,14.3,30,-100.0,-98.4,,,,54,95,-38.1,0,,
2026,2026-04-10,put,10:01,611.12,1.87,ATM,611,1.42,2.28,122,35.9,162,-73.2,-7.0,35.9,162,-78.9,-64.8,162,,,23,,35.9,0,,
2026,2026-04-10,put,10:01,611.12,1.87,OTM1,610,1.03,2.28,122,28.2,162,-73.8,-17.5,28.2,162,-92.2,-89.3,,,,23,,28.2,0,,
2026,2026-04-10,put,10:01,611.12,1.87,OTM2,609,0.76,2.28,122,18.4,162,-73.7,-28.9,18.4,162,-97.4,-94.7,,,,22,,18.4,0,,
2026,2026-04-10,put,10:01,611.12,1.87,OTM3,608,0.56,2.28,122,8.9,162,-73.2,-33.9,8.9,162,-96.4,-96.4,,,,21,,8.9,0,,
2026,2026-04-13,put,09:45,608.37,1.49,ATM,608,1.51,1.08,72,8.6,2,-93.4,-93.4,8.6,2,-100.0,-100.0,,,,11,58,-43.0,0,,
2026,2026-04-13,put,09:45,608.37,1.49,OTM1,607,1.19,1.08,72,7.6,2,-93.3,-92.4,7.6,2,-100.0,-99.2,,,,11,58,-44.5,0,,
2026,2026-04-13,put,09:45,608.37,1.49,OTM2,606,0.93,1.08,72,8.6,2,-92.5,-91.4,8.6,2,-100.0,-100.0,,,,11,58,-44.1,0,,
2026,2026-04-13,put,09:45,608.37,1.49,OTM3,605,0.73,1.08,72,9.6,2,-100.0,-91.8,9.6,2,-100.0,-100.0,,,,12,58,-43.8,0,,
2026,2026-04-14,call,09:45,622.65,2.45,ATM,623,1.13,4.01,164,258.4,184,-39.8,224.8,364.6,346,-100.0,345.1,42,49,112,,,,1,160,235.4
2026,2026-04-14,call,09:45,622.65,2.45,OTM1,624,0.71,4.01,164,336.6,184,-45.1,277.5,494.4,346,-100.0,464.8,42,49,105,,,,1,160,302.8
2026,2026-04-14,call,09:45,622.65,2.45,OTM2,625,0.43,4.01,164,414.0,183,-48.8,334.9,653.5,346,-100.0,609.3,44,99,112,,,,1,160,369.8
2026,2026-04-14,call,09:45,622.65,2.45,OTM3,626,0.25,4.01,164,468.0,183,-52.0,352.0,828.0,346,-52.0,720.0,49,100,113,13,,468.0,1,160,404.0
2026,2026-04-16,put,09:51,636.67,2.59,ATM,637,2.03,2.52,97,44.8,3,-92.1,-78.3,44.8,3,-98.5,-98.5,2,,,53,77,-44.8,0,,
2026,2026-04-16,put,09:51,636.67,2.59,OTM1,636,1.6,2.52,97,50.0,3,-91.9,-79.4,50.0,3,-98.8,-98.8,1,,,53,77,-48.8,0,,
2026,2026-04-16,put,09:51,636.67,2.59,OTM2,635,1.24,2.52,97,55.6,3,-91.9,-78.2,55.6,3,-99.2,-97.6,1,2,,53,74,-51.6,0,,
2026,2026-04-16,put,09:51,636.67,2.59,OTM3,634,0.97,2.52,97,59.8,3,-100.0,-77.3,59.8,3,-100.0,-99.0,1,2,,45,73,-35.1,0,,
2026,2026-04-17,call,09:51,646.48,2.2,ATM,646,2.13,3.51,159,97.2,104,-26.3,74.6,97.2,104,-100.0,20.7,47,48,,,,,1,164,92.5
2026,2026-04-17,call,09:51,646.48,2.2,OTM1,647,1.6,3.51,159,107.5,104,-28.8,76.9,107.5,104,-59.4,-3.1,47,48,100,,,,1,164,101.2
2026,2026-04-17,call,09:51,646.48,2.2,OTM2,648,1.16,3.51,159,117.2,104,-31.9,72.4,117.2,104,-78.4,-45.7,47,48,57,,,,1,164,104.3
2026,2026-04-17,call,09:51,646.48,2.2,OTM3,649,0.82,3.51,159,119.5,104,-32.9,56.1,119.5,104,-95.1,-86.6,48,48,57,,,,1,164,95.1
2026,2026-04-20,put,09:49,646.44,2.21,ATM,646,1.63,1.2,54,138.0,77,-46.6,-17.8,138.0,77,-91.4,-87.7,61,61,74,,,,1,61,92.0
2026,2026-04-20,put,09:49,646.44,2.21,OTM1,645,1.23,1.2,54,152.8,77,-47.2,-33.3,152.8,77,-98.4,-95.9,61,61,61,,,,1,61,103.3
2026,2026-04-20,put,09:49,646.44,2.21,OTM2,644,0.95,1.2,54,157.9,77,-54.7,-48.4,157.9,77,-98.9,-98.9,61,61,61,37,,157.9,1,61,106.3
2026,2026-04-20,put,09:49,646.44,2.21,OTM3,643,0.72,1.2,54,162.5,77,-62.5,-59.7,162.5,77,-100.0,-98.6,61,61,61,6,,162.5,1,61,116.7
2026,2026-04-21,call,09:59,649.08,3.07,ATM,649,1.63,0.33,11,33.7,17,-94.5,-93.9,33.7,17,-99.4,-99.4,17,,,57,63,-50.9,1,0,12.3
2026,2026-04-21,call,09:59,649.08,3.07,OTM1,650,1.14,0.33,11,36.8,17,-95.6,-94.7,36.8,17,-99.1,-99.1,11,,,48,61,-40.4,1,0,14.9
2026,2026-04-21,call,09:59,649.08,3.07,OTM2,651,0.76,0.33,11,39.5,17,-96.1,-94.7,39.5,17,-100.0,-98.7,11,,,46,59,-46.1,1,0,17.1
2026,2026-04-21,call,09:59,649.08,3.07,OTM3,652,0.48,0.33,11,41.7,17,-100.0,-95.8,41.7,17,-100.0,-100.0,8,,,46,59,-50.0,1,0,20.8
2026,2026-04-22,call,10:01,650.53,1.92,ATM,651,1.4,2.87,149,112.9,38,-27.9,50.0,200.7,352,-100.0,182.9,13,18,28,,,,1,188,124.3
2026,2026-04-22,call,10:01,650.53,1.92,OTM1,652,0.93,2.87,149,141.9,38,-29.0,48.4,253.8,352,-29.0,219.4,12,13,23,,,,1,188,150.5
2026,2026-04-22,call,10:01,650.53,1.92,OTM2,653,0.59,2.87,149,171.2,38,-28.8,40.7,294.9,352,-28.8,240.7,12,13,19,,,,1,188,166.1
2026,2026-04-22,call,10:01,650.53,1.92,OTM3,654,0.36,2.87,149,197.2,38,-30.6,16.7,311.1,352,-30.6,213.9,12,13,19,,,,1,188,169.4
2026,2026-04-23,call,09:46,655.0,2.52,ATM,655,1.71,2.3,91,40.4,106,-60.2,-26.9,40.4,106,-100.0,-99.4,96,,,13,,40.4,0,,
2026,2026-04-23,call,09:46,655.0,2.52,OTM1,656,1.19,2.3,91,40.3,106,-65.5,-41.2,40.3,106,-100.0,-99.2,96,,,13,,40.3,0,,
2026,2026-04-23,call,09:46,655.0,2.52,OTM2,657,0.78,2.3,91,35.9,106,-70.5,-53.8,35.9,106,-100.0,-100.0,1,,,13,,35.9,0,,
2026,2026-04-23,call,09:46,655.0,2.52,OTM3,658,0.48,2.3,91,41.7,1,-100.0,-62.5,41.7,1,-100.0,-100.0,1,,,13,182,29.2,0,,
2026,2026-04-24,put,09:54,657.55,1.95,ATM,658,2.18,0.68,35,27.1,1,-92.7,-92.2,27.1,1,-99.5,-99.5,,,,17,77,-6.9,1,0,22.9
2026,2026-04-24,put,09:54,657.55,1.95,OTM1,657,1.74,0.68,35,28.7,1,-100.0,-92.5,28.7,1,-100.0,-100.0,,,,17,74,-9.8,1,0,24.7
2026,2026-04-24,put,09:54,657.55,1.95,OTM2,656,1.36,0.68,35,32.4,1,-100.0,-91.2,32.4,1,-100.0,-99.3,1,,,17,62,-11.8,1,0,27.2
2026,2026-04-24,put,09:54,657.55,1.95,OTM3,655,1.08,0.68,35,31.5,1,-91.7,-90.7,31.5,1,-100.0,-100.0,1,,,16,61,-14.8,1,0,28.7
2026,2026-04-28,call,09:48,659.56,4.11,ATM,660,1.7,0.96,23,1.8,0,-95.3,-92.9,1.8,0,-98.8,-98.8,,,,6,46,-21.2,0,,
2026,2026-04-28,call,09:48,659.56,4.11,OTM1,661,1.22,0.96,23,4.1,0,-95.1,-92.6,4.1,0,-100.0,-99.2,,,,6,46,-24.6,0,,
2026,2026-04-28,call,09:48,659.56,4.11,OTM2,662,0.86,0.96,23,2.3,0,-100.0,-91.9,2.3,0,-100.0,-98.8,,,,6,46,-29.1,0,,
2026,2026-04-28,call,09:48,659.56,4.11,OTM3,663,0.58,0.96,23,3.4,0,-100.0,-89.7,3.4,0,-100.0,-98.3,,,,6,46,-32.8,0,,
2026,2026-04-29,call,09:53,658.85,2.26,ATM,659,3.22,1.18,52,42.9,43,-25.2,-14.6,42.9,43,-32.9,7.1,41,,,,,,1,34,19.3
2026,2026-04-29,call,09:53,658.85,2.26,OTM1,660,2.7,1.18,52,48.1,43,-25.9,-15.6,48.1,43,-35.2,6.3,40,,,,,,1,34,21.9
2026,2026-04-29,call,09:53,658.85,2.26,OTM2,661,2.24,1.18,52,53.1,43,-26.8,-16.1,53.1,43,-100.0,3.6,38,43,,,,,1,34,22.8
2026,2026-04-29,call,09:53,658.85,2.26,OTM3,662,1.83,1.18,52,59.6,43,-27.3,-16.9,59.6,43,-100.0,0.0,38,42,,,,,1,34,25.7
2026,2026-04-30,put,09:52,659.99,5.22,ATM,660,2.76,0.35,7,42.0,24,-85.9,-83.7,42.0,24,-100.0,-99.6,23,,,61,96,-50.0,1,1,8.3
2026,2026-04-30,put,09:52,659.99,5.22,OTM1,659,2.32,0.35,7,43.1,24,-87.5,-85.8,43.1,24,-100.0,-99.1,23,,,59,77,-47.8,1,1,8.6
2026,2026-04-30,put,09:52,659.99,5.22,OTM2,658,1.92,0.35,7,44.3,24,-89.1,-87.5,44.3,24,-100.0,-99.5,5,,,58,77,-49.5,1,1,9.4
2026,2026-04-30,put,09:52,659.99,5.22,OTM3,657,1.6,0.35,7,43.1,24,-100.0,-88.1,43.1,24,-100.0,-99.4,5,,,58,74,-53.1,1,1,9.4
2026,2026-05-01,call,09:50,673.34,4.27,ATM,673,1.87,2.8,66,77.5,22,-38.5,-4.8,77.5,22,-100.0,-42.2,4,9,,,,,0,,
2026,2026-05-01,call,09:50,673.34,4.27,OTM1,674,1.33,2.8,66,90.2,22,-42.1,-15.0,90.2,22,-75.9,-73.7,4,8,,,,,0,,
2026,2026-05-01,call,09:50,673.34,4.27,OTM2,675,0.91,2.8,66,103.3,22,-48.4,-29.7,103.3,22,-95.6,-95.6,4,8,22,,,,0,,
2026,2026-05-01,call,09:50,673.34,4.27,OTM3,676,0.59,2.8,66,113.6,22,-52.5,-42.4,113.6,22,-98.3,-98.3,4,8,12,46,,76.3,0,,
2026,2026-05-04,call,09:59,675.61,1.84,ATM,676,1.29,1.42,77,25.6,52,-100.0,-91.5,25.6,52,-100.0,-98.4,,,,78,85,-46.5,0,,
2026,2026-05-04,call,09:59,675.61,1.84,OTM1,677,0.85,1.42,77,22.4,47,-92.9,-91.8,22.4,47,-100.0,-98.8,,,,74,81,-37.6,0,,
2026,2026-05-04,call,09:59,675.61,1.84,OTM2,678,0.52,1.42,77,19.2,47,-100.0,-100.0,19.2,47,-100.0,-98.1,,,,73,81,-42.3,0,,
2026,2026-05-04,call,09:59,675.61,1.84,OTM3,679,0.31,1.42,77,12.9,46,-100.0,-87.1,12.9,46,-100.0,-93.5,,,,73,81,-45.2,0,,
2026,2026-05-05,call,09:45,680.56,2.69,ATM,681,1.42,3.75,139,28.2,50,-46.5,-16.2,44.4,275,-54.9,-51.4,,,,,,,0,,
2026,2026-05-05,call,09:45,680.56,2.69,OTM1,682,0.95,3.75,139,30.5,50,-50.5,-30.5,35.8,268,-71.6,-68.4,50,,,29,,30.5,0,,
2026,2026-05-05,call,09:45,680.56,2.69,OTM2,683,0.59,3.75,139,35.6,39,-52.5,-40.7,35.6,39,-83.1,-81.4,39,,,29,,35.6,0,,
2026,2026-05-05,call,09:45,680.56,2.69,OTM3,684,0.35,3.75,139,40.0,39,-54.3,-48.6,40.0,39,-100.0,-85.7,39,,,29,,40.0,0,,
2026,2026-05-06,call,09:54,690.28,3.49,ATM,690,1.86,,,69.4,138,-100.0,0.5,190.3,360,-100.0,190.3,72,86,,11,158,69.4,0,,
2026,2026-05-06,call,09:54,690.28,3.49,OTM1,691,1.35,,,70.4,139,-57.0,-12.6,222.2,360,-100.0,222.2,82,84,,11,,70.4,0,,
2026,2026-05-06,call,09:54,690.28,3.49,OTM2,692,0.94,,,64.9,139,-61.7,-27.7,253.2,360,-61.7,253.2,82,86,,9,,64.9,0,,
2026,2026-05-06,call,09:54,690.28,3.49,OTM3,693,0.62,,,56.5,95,-64.5,-41.9,288.7,360,-64.5,288.7,82,90,,9,,56.5,0,,
2026,2026-05-08,call,09:45,703.81,3.19,ATM,704,1.77,4.39,138,186.4,194,-100.0,186.4,284.2,368,-100.0,277.4,7,14,39,114,114,186.4,1,148,156.5
2026,2026-05-08,call,09:45,703.81,3.19,OTM1,705,1.27,4.39,138,224.4,194,-100.0,219.7,348.8,230,-100.0,344.9,6,13,36,154,154,224.4,1,148,189.0
2026,2026-05-08,call,09:45,703.81,3.19,OTM2,706,0.9,4.39,138,261.1,194,-3.3,261.1,435.6,369,-100.0,422.2,6,13,36,,,,1,148,212.2
2026,2026-05-08,call,09:45,703.81,3.19,OTM3,707,0.61,4.39,138,300.0,194,-4.9,291.8,541.0,369,-100.0,483.6,6,13,14,,,,1,148,239.3
2026,2026-05-12,put,09:58,706.24,3.4,ATM,706,2.17,0.74,22,327.2,179,-100.0,262.2,327.2,179,-100.0,-91.2,31,32,75,101,101,327.2,1,1,20.7
2026,2026-05-12,put,09:58,706.24,3.4,OTM1,705,1.76,0.74,22,371.0,180,-100.0,346.0,371.0,180,-100.0,-96.6,31,32,66,21,139,371.0,1,1,22.2
2026,2026-05-12,put,09:58,706.24,3.4,OTM2,704,1.4,0.74,22,421.4,175,-100.0,395.7,421.4,175,-100.0,-98.6,31,32,66,124,124,421.4,1,1,23.6
2026,2026-05-12,put,09:58,706.24,3.4,OTM3,703,1.13,0.74,22,467.3,175,-100.0,425.7,467.3,175,-100.0,-98.2,31,32,66,21,146,467.3,1,1,24.8
2026,2026-05-13,put,09:45,707.09,2.63,ATM,707,2.5,1.51,57,54.8,2,-95.2,-94.8,54.8,2,-100.0,-99.2,1,2,,39,73,-38.4,1,2,54.8
2026,2026-05-13,put,09:45,707.09,2.63,OTM1,706,2.11,1.51,57,56.9,2,-95.3,-95.3,56.9,2,-100.0,-99.5,1,2,,38,68,-43.1,1,2,56.9
2026,2026-05-13,put,09:45,707.09,2.63,OTM2,705,1.72,1.51,57,63.4,2,-94.8,-94.8,63.4,2,-100.0,-98.8,1,2,,37,67,-45.3,1,2,63.4
2026,2026-05-13,put,09:45,707.09,2.63,OTM3,704,1.41,1.51,57,66.7,2,-100.0,-95.0,66.7,2,-100.0,-99.3,1,2,,37,67,-47.5,1,2,66.7
2026,2026-05-14,call,09:45,719.06,4.13,ATM,719,2.68,0.04,1,32.8,102,-51.1,0.4,32.8,102,-67.2,-54.5,94,,,25,,32.8,1,0,7.8
2026,2026-05-14,call,09:45,719.06,4.13,OTM1,720,2.19,0.04,1,29.2,101,-53.9,-9.1,29.2,101,-82.2,-75.8,,,,13,,29.2,1,0,8.7
2026,2026-05-14,call,09:45,719.06,4.13,OTM2,721,1.76,0.04,1,23.3,102,-56.8,-21.6,23.3,102,-94.9,-90.9,,,,13,,23.3,1,0,8.0
2026,2026-05-14,call,09:45,719.06,4.13,OTM3,722,1.35,0.04,1,19.3,101,-57.0,-31.9,19.3,101,-97.8,-97.8,,,,13,,19.3,1,0,10.4
2026,2026-05-15,put,09:45,706.63,3.28,ATM,707,3.24,,,19.4,1,-90.7,-88.0,19.4,1,-100.0,-97.2,,,,10,37,-2.8,0,,
2026,2026-05-15,put,09:45,706.63,3.28,OTM1,706,2.73,,,22.7,1,-91.9,-90.5,22.7,1,-100.0,-98.9,,,,10,35,-1.8,0,,
2026,2026-05-15,put,09:45,706.63,3.28,OTM2,705,2.33,,,23.2,1,-93.1,-91.8,23.2,1,-99.6,-99.1,,,,10,33,-2.6,0,,
2026,2026-05-15,put,09:45,706.63,3.28,OTM3,704,1.97,,,23.9,1,-93.9,-92.9,23.9,1,-100.0,-99.0,,,,9,32,-3.6,0,,
2026,2026-05-18,put,09:46,707.25,4.81,ATM,707,2.57,3.52,73,191.8,163,-100.0,72.4,215.2,303,-100.0,-18.7,46,46,48,7,169,191.8,1,47,78.6
2026,2026-05-18,put,09:46,707.25,4.81,OTM1,706,2.15,3.52,73,203.3,163,-100.0,71.6,228.8,303,-100.0,-52.6,46,46,48,7,179,203.3,1,47,83.7
2026,2026-05-18,put,09:46,707.25,4.81,OTM2,705,1.77,3.52,73,220.3,163,-62.7,65.0,244.1,303,-100.0,-76.3,46,46,48,7,,220.3,1,47,90.4
2026,2026-05-18,put,09:46,707.25,4.81,OTM3,704,1.48,3.52,73,227.7,164,-64.9,52.0,248.0,303,-95.3,-91.2,46,46,48,5,,227.7,1,47,92.6
2026,2026-05-19,put,10:05,699.47,5.32,ATM,699,2.47,0.54,10,98.0,16,-90.3,-88.7,98.0,16,-99.2,-96.8,1,8,,116,146,-14.2,1,1,35.6
2026,2026-05-19,put,10:05,699.47,5.32,OTM1,698,2.02,0.54,10,107.9,15,-91.6,-90.1,107.9,15,-100.0,-98.5,1,8,15,96,145,-9.4,1,1,39.6
2026,2026-05-19,put,10:05,699.47,5.32,OTM2,697,1.68,0.54,10,111.9,15,-92.9,-92.3,111.9,15,-100.0,-99.4,1,8,15,96,139,-16.7,1,1,39.9
2026,2026-05-19,put,10:05,699.47,5.32,OTM3,696,1.35,0.54,10,121.5,16,-94.1,-93.3,121.5,16,-100.0,-99.3,1,8,14,92,139,-22.2,1,1,43.0
2026,2026-05-20,call,09:46,708.18,3.39,ATM,708,3.03,4.08,120,101.7,89,-100.0,15.5,101.7,89,-100.0,66.0,75,88,89,25,122,101.7,1,88,81.8
2026,2026-05-20,call,09:46,708.18,3.39,OTM1,709,2.51,4.08,120,111.2,89,-58.6,17.5,111.2,89,-100.0,62.5,71,88,89,25,,111.2,1,88,90.4
2026,2026-05-20,call,09:46,708.18,3.39,OTM2,710,2.05,4.08,120,122.0,89,-60.5,17.1,122.0,89,-60.5,62.9,71,88,89,25,,122.0,1,88,97.1
2026,2026-05-20,call,09:46,708.18,3.39,OTM3,711,1.64,4.08,120,137.8,89,-61.6,15.9,137.8,89,-61.6,65.9,71,88,88,25,,137.8,1,88,106.7
2026,2026-05-21,call,09:54,710.85,2.3,ATM,711,2.88,0.37,16,11.8,7,-78.1,-63.9,117.0,240,-100.0,-6.9,,,,25,174,-35.4,1,0,6.9
2026,2026-05-21,call,09:54,710.85,2.3,OTM1,712,2.4,0.37,16,11.3,7,-84.2,-72.5,118.8,240,-84.2,-18.3,,,,25,99,-39.6,1,0,6.7
2026,2026-05-21,call,09:54,710.85,2.3,OTM2,713,1.96,0.37,16,11.2,7,-88.8,-79.6,120.4,240,-88.8,-46.4,,,,24,72,-43.4,1,0,7.1
2026,2026-05-21,call,09:54,710.85,2.3,OTM3,714,1.55,0.37,16,12.9,7,-92.3,-84.5,125.2,240,-92.3,-72.9,,,,24,71,-45.8,1,0,9.0
2026,2026-05-22,put,10:06,717.06,3.92,ATM,717,2.46,3.2,82,16.7,17,-89.4,-89.4,16.7,17,-96.7,-93.9,,,,33,58,-48.4,0,,
2026,2026-05-22,put,10:06,717.06,3.92,OTM1,716,2.0,3.2,82,18.5,17,-91.0,-91.0,18.5,17,-100.0,-97.0,,,,29,57,-43.0,0,,
2026,2026-05-22,put,10:06,717.06,3.92,OTM2,715,1.62,3.2,82,17.3,17,-92.0,-92.0,17.3,17,-100.0,-97.5,,,,28,54,-43.8,0,,
2026,2026-05-22,put,10:06,717.06,3.92,OTM3,714,1.29,3.2,82,17.1,17,-100.0,-92.2,17.1,17,-100.0,-97.7,,,,27,54,-45.0,0,,
2026,2026-05-26,call,09:45,727.43,2.67,ATM,727,2.25,,,110.7,54,-53.3,-20.4,110.7,54,-53.3,56.9,14,33,50,129,,2.2,0,,
2026,2026-05-26,call,09:45,727.43,2.67,OTM1,728,1.72,,,126.2,54,-58.7,-31.4,126.2,54,-58.7,51.2,14,33,49,128,,-5.8,0,,
2026,2026-05-26,call,09:45,727.43,2.67,OTM2,729,1.29,,,141.9,54,-65.1,-43.4,141.9,54,-65.1,23.3,13,33,49,127,,-17.1,0,,
2026,2026-05-26,call,09:45,727.43,2.67,OTM3,730,0.92,,,163.0,54,-71.7,-54.3,163.0,54,-78.3,-23.9,13,33,39,123,,-29.3,0,,
2026,2026-05-27,put,09:46,727.37,5.71,ATM,727,2.47,1.72,30,19.4,46,-81.0,-67.2,19.4,46,-98.8,-98.8,,,,6,174,19.4,1,46,19.4
2026,2026-05-27,put,09:46,727.37,5.71,OTM1,726,2.02,1.72,30,21.3,46,-84.7,-73.3,21.3,46,-99.5,-98.5,,,,5,170,21.3,1,46,21.3
2026,2026-05-27,put,09:46,727.37,5.71,OTM2,725,1.67,1.72,30,18.0,46,-88.0,-79.0,18.0,46,-99.4,-98.8,,,,5,155,18.0,1,46,18.0
2026,2026-05-27,put,09:46,727.37,5.71,OTM3,724,1.36,1.72,30,14.0,46,-89.7,-83.8,14.0,46,-100.0,-99.3,,,,5,145,14.0,1,46,14.0
2026,2026-05-28,put,09:47,727.0,4.08,ATM,727,2.24,1.54,38,10.3,2,-100.0,-97.3,10.3,2,-100.0,-99.6,,,,21,25,-39.3,0,,
2026,2026-05-28,put,09:47,727.0,4.08,OTM1,726,1.8,1.54,38,10.0,2,-100.0,-97.2,10.0,2,-100.0,-99.4,,,,20,24,-41.7,0,,
2026,2026-05-28,put,09:47,727.0,4.08,OTM2,725,1.43,1.54,38,10.5,2,-100.0,-96.5,10.5,2,-100.0,-99.3,,,,20,24,-44.1,0,,
2026,2026-05-28,put,09:47,727.0,4.08,OTM3,724,1.13,1.54,38,8.8,2,-100.0,-95.6,8.8,2,-100.0,-99.1,,,,20,24,-46.0,0,,
2026,2026-05-29,call,09:47,740.24,2.35,ATM,740,2.24,2.77,118,33.0,12,-79.5,-73.2,33.0,12,-99.6,-98.7,12,,,37,56,-30.4,0,,
2026,2026-05-29,call,09:47,740.24,2.35,OTM1,741,1.72,2.77,118,35.5,12,-84.9,-80.2,35.5,12,-99.4,-99.4,12,,,29,55,-29.7,0,,
2026,2026-05-29,call,09:47,740.24,2.35,OTM2,742,1.28,2.77,118,38.3,12,-89.1,-85.9,38.3,12,-100.0,-99.2,12,,,29,54,-33.6,0,,
2026,2026-05-29,call,09:47,740.24,2.35,OTM3,743,0.91,2.77,118,42.9,12,-91.2,-87.9,42.9,12,-100.0,-100.0,12,,,29,54,-36.3,0,,
2026,2026-06-02,call,09:53,742.93,3.46,ATM,743,1.96,1.86,54,83.7,134,-28.6,53.6,83.7,134,-46.4,54.1,13,82,,,,,1,74,37.2
2026,2026-06-02,call,09:53,742.93,3.46,OTM1,744,1.49,1.86,54,84.6,133,-32.2,45.0,84.6,133,-66.4,38.3,12,82,,,,,1,74,34.9
2026,2026-06-02,call,09:53,742.93,3.46,OTM2,745,1.08,1.86,54,85.2,134,-34.3,30.6,85.2,134,-81.5,7.4,12,19,,,,,1,74,31.5
2026,2026-06-02,call,09:53,742.93,3.46,OTM3,746,0.76,1.86,54,78.9,133,-36.8,9.2,78.9,133,-89.5,-43.4,6,18,,,,,1,74,26.3
2026,2026-06-03,put,09:45,743.63,4.55,ATM,744,2.74,0.79,17,62.4,4,-66.8,-40.5,62.4,4,-86.9,-74.8,1,2,,29,,18.2,1,1,31.4
2026,2026-06-03,put,09:45,743.63,4.55,OTM1,743,2.28,0.79,17,68.4,4,-69.7,-49.6,68.4,4,-92.1,-83.8,1,2,,26,,11.0,1,1,33.8
2026,2026-06-03,put,09:45,743.63,4.55,OTM2,742,1.89,0.79,17,72.0,4,-73.0,-57.7,72.0,4,-96.3,-91.5,1,2,,28,,1.6,1,1,36.0
2026,2026-06-03,put,09:45,743.63,4.55,OTM3,741,1.55,0.79,17,80.6,4,-76.8,-65.8,80.6,4,-97.4,-96.1,1,2,,26,85,-7.1,1,1,38.1
2026,2026-06-04,put,09:45,733.83,3.74,ATM,734,2.67,0.83,22,13.5,21,-97.8,-97.4,13.5,21,-100.0,-99.6,,,,30,71,-36.3,1,20,13.1
2026,2026-06-04,put,09:45,733.83,3.74,OTM1,733,2.21,0.83,22,13.1,21,-98.2,-97.7,13.1,21,-100.0,-99.5,,,,6,70,13.1,1,20,12.7
2026,2026-06-04,put,09:45,733.83,3.74,OTM2,732,1.81,0.83,22,12.2,20,-100.0,-98.3,12.2,20,-100.0,-100.0,,,,6,48,12.2,1,20,12.2
2026,2026-06-04,put,09:45,733.83,3.74,OTM3,731,1.48,0.83,22,10.1,20,-100.0,-98.6,10.1,20,-100.0,-100.0,,,,6,42,10.1,1,20,10.1
2026,2026-06-05,put,09:45,726.98,4.24,ATM,727,2.7,3.58,84,376.3,181,-100.0,307.4,711.9,334,-100.0,-100.0,3,12,96,121,121,376.3,1,15,86.3
2026,2026-06-05,put,09:45,726.98,4.24,OTM1,726,2.23,3.58,84,422.0,182,-100.0,321.5,854.7,332,-100.0,739.0,3,12,96,156,156,422.0,1,15,95.5
2026,2026-06-05,put,09:45,726.98,4.24,OTM2,725,1.84,3.58,84,509.8,180,-40.2,378.3,1004.9,332,-100.0,863.6,3,12,15,,,,1,15,104.3
2026,2026-06-05,put,09:45,726.98,4.24,OTM3,724,1.52,3.58,84,544.7,179,-100.0,405.3,1168.4,331,-100.0,963.2,3,12,14,160,160,544.7,1,15,109.9
2026,2026-06-09,call,09:45,724.13,3.3,ATM,724,2.4,17.11,518,37.5,3,-100.0,-99.6,37.5,3,-100.0,-100.0,2,,,14,27,-31.7,0,,
2026,2026-06-09,call,09:45,724.13,3.3,OTM1,725,1.88,17.11,518,42.6,3,-100.0,-99.5,42.6,3,-100.0,-100.0,2,,,14,27,-33.0,0,,
2026,2026-06-09,call,09:45,724.13,3.3,OTM2,726,1.44,17.11,518,47.2,3,-100.0,-98.6,47.2,3,-100.0,-100.0,1,,,14,27,-34.7,0,,
2026,2026-06-09,call,09:45,724.13,3.3,OTM3,727,1.06,17.11,518,53.8,3,-100.0,-99.1,53.8,3,-100.0,-100.0,1,3,,13,27,-35.8,0,,
2026,2026-06-10,call,09:47,707.6,7.81,ATM,708,4.54,19.34,248,25.8,47,-95.2,-93.6,25.8,47,-100.0,-99.8,,,,67,82,-49.8,0,,
2026,2026-06-10,call,09:47,707.6,7.81,OTM1,709,4.03,19.34,248,26.1,47,-95.8,-94.5,26.1,47,-100.0,-99.8,,,,67,82,-52.4,0,,
2026,2026-06-10,call,09:47,707.6,7.81,OTM2,710,3.57,19.34,248,24.6,46,-96.4,-95.2,24.6,46,-100.0,-99.7,,,,67,79,-55.2,0,,
2026,2026-06-10,call,09:47,707.6,7.81,OTM3,711,3.15,19.34,248,23.2,46,-96.8,-95.9,23.2,46,-100.0,-100.0,,,,61,72,-29.2,0,,
2026,2026-06-11,call,09:45,700.9,3.33,ATM,701,4.23,1.09,33,74.9,18,-62.9,-52.2,304.5,350,-100.0,265.2,4,6,,71,,19.6,1,0,20.6
2026,2026-06-11,call,09:45,700.9,3.33,OTM1,702,3.7,1.09,33,80.0,18,-65.7,-56.8,338.6,349,-100.0,295.4,4,5,,70,,17.0,1,0,23.0
2026,2026-06-11,call,09:45,700.9,3.33,OTM2,703,3.19,1.09,33,86.8,18,-67.1,-61.4,376.5,349,-100.0,328.5,4,5,,69,,15.0,1,0,25.4
2026,2026-06-11,call,09:45,700.9,3.33,OTM3,704,2.76,1.09,33,91.3,18,-69.9,-65.9,420.3,349,-100.0,-100.0,4,5,,69,,10.9,1,0,26.8
2026,2026-06-12,put,09:45,711.5,5.75,ATM,712,5.13,1.81,32,0.8,0,-95.9,-95.7,0.8,0,-100.0,-99.8,,,,15,68,-40.7,0,,
2026,2026-06-12,put,09:45,711.5,5.75,OTM1,711,4.66,1.81,32,0.2,0,-96.4,-95.9,0.2,0,-100.0,-99.6,,,,14,50,-42.7,0,,
2026,2026-06-12,put,09:45,711.5,5.75,OTM2,710,4.21,1.81,32,1.0,0,-96.4,-96.4,1.0,0,-100.0,-99.8,,,,14,31,-43.7,0,,
2026,2026-06-12,put,09:45,711.5,5.75,OTM3,709,3.82,1.81,32,0.0,0,-100.0,-96.3,0.0,0,-100.0,-100.0,,,,14,31,-46.3,0,,
